id,domain,status,purchase_price,renewal_price,attractiveness,demand,length,registrar,created_at,expires_at,status_verified_at
8c54abdd-1e3c-4d67-8a98-4058db598625,abbott.video,available,4.34,29.18,high,low,6,spaceship,,,27/09/2026 17:56
dd5267f5-1db7-4e19-95bc-bda45a9c049a,ecstatic.video,available,4.98,49.48,high,low,8,namecheap,,,14/08/2026 23:44
10df26a8-78b9-4f83-8319-4fdd540d4e7e,gang.video,available,28.2,28.2,high,low,4,cloudflare,,,29/09/2026 20:39
81ce3026-1b03-49e3-bda8-608da911bfb5,dealing.video,available,14.99,36.49,high,low,7,namesilo,,,25/09/2026 04:50
98ef4d60-631f-43f1-84ae-b9ae81fa7759,mulish.video,available,4.98,49.48,low,low,6,namecheap,,,21/08/2026 00:45
d73dea12-69dd-414c-acf1-f77f64380aec,catechu.video,available,4.98,49.48,medium,low,7,namecheap,,,16/09/2026 20:04
28fe2b70-344f-4fdf-a898-e6230d5202f2,powdered.video,available,14.99,36.49,medium,low,8,namesilo,,,19/09/2026 15:51
94aa360f-7c6d-4969-872b-91e026237ee1,whacking.video,available,4.98,49.48,medium,low,8,namecheap,,,13/09/2026 11:09
6aa799fb-7b6a-4341-8723-d8b218199c06,somewhere.video,available,14.99,52.99,high,low,9,name.com,,,16/09/2026 04:14
2709fe4a-53fa-4759-b663-3db24d6303dd,chopping.video,available,28.2,28.2,high,low,8,cloudflare,,,30/09/2026 12:16
c56d6a1e-dc61-4039-a1d8-fdb549b5a84f,eisenstein.video,available,13.5,,high,low,10,unstoppable,,,02/10/2026 04:41
852300a4-f290-474c-92ad-90ba64d574d3,susurrous.video,available,4.98,49.48,medium,low,9,namecheap,,,03/09/2026 11:24
a03c62d6-d235-4002-b5ee-d2369d6db6ec,pianist.video,available,4.98,49.48,high,low,7,namecheap,,,29/09/2026 13:41
bd14a8fb-78bd-4552-a6f9-c01b1510e3dd,plateau.video,available,4.34,29.18,high,low,7,spaceship,,,30/09/2026 18:21
606d139b-6cb8-4d60-8caa-162a2ab9c09e,meals.video,available,4.98,49.48,high,low,5,namecheap,,,18/09/2026 16:02
42d9dd80-ecfb-498b-8c25-f3f582565c71,kilometer.video,available,14.99,36.49,high,low,9,namesilo,,,30/09/2026 01:33
d135faa4-df2b-494c-9c70-d8047e50ed6c,longitude.video,available,14.99,36.49,high,low,9,namesilo,,,30/09/2026 03:11
6a191e40-d4d4-4955-acf2-1c5580b753d6,whiskey.video,available,4.98,49.48,high,low,7,namecheap,,,27/09/2026 16:19
2be6e40f-9ef3-4cd7-b688-96590d48ae55,commissions.video,available,19.99,55.99,medium,low,11,godaddy,,,01/10/2026 00:07
003c41af-2a8d-4d98-86e2-b817f833ae8b,byzantine.video,available,4.98,49.48,medium,low,9,namecheap,,,11/08/2026 12:12
47b3192b-6976-4a01-a5cf-783f7ec48ffc,association.video,premium,31.25,62.3,high,low,11,spaceship,,,27/09/2026 21:32
953a51f8-5e5b-4381-b63e-0001ec342938,excitable.video,available,4.98,49.48,medium,low,9,namecheap,,,17/08/2026 16:22
2524237b-edb7-4cd1-9eca-b130516a4477,sol.video,premium,42.9,85.8,high,medium,3,namecheap,,,16/09/2026 03:33
938bb701-1280-4666-801c-a22b97d60769,endemic.video,available,4.98,49.48,high,low,7,namecheap,,,07/08/2026 19:26
1bfb0434-34d1-4f92-9e28-d39455437620,brown.video,premium,71.4,71.4,high,low,5,namesilo,,,23/09/2026 10:03
27bf862b-58a2-4485-a834-8d5e31950064,thence.video,available,4.98,49.48,medium,low,6,namecheap,,,15/09/2026 00:13
959d1be0-553d-4b4a-bb27-bd4014d69ef1,lynn.video,premium,71.4,71.4,high,low,4,namesilo,,,27/09/2026 07:20
8d227bfe-ede8-4f3d-b16a-ca39e6757370,feasible.video,available,4.98,49.48,high,low,8,namecheap,,,17/08/2026 16:48
c932cde2-95bd-4bd7-beb2-cfd89b38e250,infrequent.video,available,4.98,49.48,medium,low,10,namecheap,,,22/08/2026 04:50
38c2952b-0def-4a7c-bf4a-5fc7fda8c4e3,spat.video,available,14.99,36.49,high,low,4,namesilo,,,23/09/2026 13:13
9fa375db-ce9b-459b-8ba9-ff9b56521b94,etcetera.video,available,4.98,49.48,high,low,8,namecheap,,,13/09/2026 19:52
d9ff6857-78a4-4def-a764-d0581abeed1d,ppi.video,premium,78.54,78.54,high,low,3,namesilo,,,01/10/2026 05:12
585e0647-f51c-4819-9c6f-b5b8ae745499,sluggish.video,available,4.98,49.48,medium,low,8,namecheap,,,10/09/2026 11:29
fe0629de-d417-433d-91d5-ef1793839628,checked.video,available,4.98,49.48,high,low,7,namecheap,,,12/08/2026 03:36
68f98954-3374-4a0f-925b-45ed6127aeea,levantine.video,available,4.98,49.48,medium,low,9,namecheap,,,23/08/2026 00:31
221d22c4-493f-4417-bb8e-abd979508c6c,brim.video,available,14.99,36.49,high,low,4,namesilo,,,24/09/2026 10:24
3ef0ab7f-1496-48cf-bc37-823e4e5c3de0,collectively.video,available,14.99,36.49,medium,low,12,namesilo,,,30/09/2026 05:47
68020cd7-2777-48c4-b7b7-5a8d77eac01e,lennon.video,available,4.98,49.48,high,low,6,namecheap,,,27/09/2026 14:28
8ca4f290-95c3-4cbf-94d9-7d42ddd84126,duct.video,available,14.99,36.49,high,low,4,namesilo,,,25/09/2026 00:18
1f3ac4c6-725c-41e8-a603-c6e9b84a2c3a,melodrama.video,available,4.34,29.18,high,low,9,spaceship,,,02/10/2026 05:45
5654b3eb-40f6-4828-858d-3e221ad13947,gammy.video,available,4.98,49.48,medium,low,5,namecheap,,,18/08/2026 20:04
efa23d9d-714b-4194-9322-ca551784f3fb,heartily.video,available,4.98,49.48,high,low,8,namecheap,,,14/09/2026 08:41
09803535-8660-4f9c-97d0-0baf55a68ef9,aptness.video,available,14.99,36.49,medium,low,7,namesilo,,,19/09/2026 22:03
c5c9bf4f-6ac7-48fb-bc75-1f936970b30c,adnate.video,available,4.98,49.48,medium,low,6,namecheap,,,
63a5635e-f716-4e4b-9ba0-9bb0782e860f,continuous.video,available,4.98,49.48,high,low,10,namecheap,,,23/09/2026 22:20
420741d1-ee25-498d-9a57-b08ac5893ae1,enwrapped.video,available,4.98,49.48,medium,low,9,namecheap,,,
e34b9495-2500-4f22-a920-af28f176f612,dissembler.video,available,4.98,49.48,medium,low,10,namecheap,,,08/09/2026 19:10
3a2a8ffb-6891-413b-8258-20722f8434df,mutable.video,available,4.98,49.48,medium,low,7,namecheap,,,12/08/2026 01:50
bcf3cdda-c681-4ca3-8e75-90ee8ef7de2c,patriotic.video,available,14.99,36.49,high,low,9,namesilo,,,27/09/2026 03:06
5439510b-46f0-42a8-b4fc-1aeb12ae2024,adventure.video,premium,2500.5,3500,high,medium,9,unstoppable,,,28/09/2026 18:58
19fad3ea-9e66-4445-942f-e63e17f9eaad,grandiose.video,available,4.98,49.48,high,low,9,namecheap,,,20/08/2026 17:58
374ac8bc-9588-4f0c-b4e8-7082c85a4f56,hailed.video,available,4.34,29.18,medium,low,6,spaceship,,,30/09/2026 15:28
6af17175-7804-487e-bf07-d345c4b7370b,dermal.video,available,14.99,52.99,high,low,6,name.com,,,13/08/2026 13:00
474bf201-d6f2-4234-b78b-856bb0c0c4ea,brooks.video,available,14.99,36.49,high,low,6,namesilo,,,24/09/2026 10:47
c6925793-4b46-45e8-8070-3227792991ad,encumbered.video,available,4.98,49.48,medium,low,10,namecheap,,,17/08/2026 00:40
647288b7-4e0d-44f9-8d4a-b4bc71476327,kemp.video,available,13.5,,medium,low,4,unstoppable,,,29/09/2026 02:56
5074c550-5e2a-4a41-8c51-f5ec84ab8eb4,worrying.video,available,4.98,49.48,medium,low,8,namecheap,,,14/08/2026 13:23
b0d01b6d-dc84-4d55-bc24-a7b468c03076,adrift.video,available,4.98,49.48,medium,low,6,namecheap,,,
68c61786-2272-4012-84f9-1275e194c8ac,bowen.video,available,4.98,49.48,medium,low,5,namecheap,,,25/09/2026 12:42
d9442d3a-b464-4829-9c66-2ef1d7e8e5c8,gaining.video,available,8.24,29.35,medium,low,7,porkbun,,,28/09/2026 11:29
259f12ba-a924-48e9-8d23-1484453b03f4,eel.video,premium,78.54,78.54,high,low,3,namesilo,,,30/09/2026 01:28
e329152d-8aad-4cb5-8dea-b15c0c8d9470,foreigner.video,available,4.98,49.48,high,low,9,namecheap,,,
ee306832-5fc5-43e4-af96-d9e0173f29e0,betise.video,available,14.99,36.49,medium,low,6,namesilo,,,23/09/2026 11:18
011f7085-604a-4dc7-b447-a9b33cd05f6c,honours.video,available,4.34,29.18,high,low,7,spaceship,,,30/09/2026 01:53
193be40d-160c-408a-956c-84818c4889ca,gainfully.video,available,4.98,49.48,medium,low,9,namecheap,,,14/09/2026 20:58
6851de11-33dc-438c-993f-80c994ad4959,commentate.video,available,14.99,36.49,high,low,10,namesilo,,,30/09/2026 17:26
251365cd-5aad-4921-8731-aeb856c5610f,clxv.video,available,4.98,49.48,medium,low,4,namecheap,,,
f163ae4c-b731-4601-8209-ecfa6bb6f455,strapping.video,available,4.98,49.48,medium,low,9,namecheap,,,09/08/2026 08:02
a29cd01e-6fbc-44b7-b5f2-fe4f38f14df4,seward.video,available,4.98,49.48,medium,low,6,namecheap,,,28/09/2026 03:05
7bb5c581-f471-47cd-9fa0-575af515efb7,continental.video,available,4.34,29.18,high,low,11,spaceship,,,28/09/2026 21:03
0da7c70f-c785-4811-bd95-ae9f8b4c1803,polonium.video,available,4.98,49.48,medium,low,8,namecheap,,,20/09/2026 23:54
7bffc40f-aa67-4025-a0da-2bc97a72ea29,inert.video,available,4.98,49.48,high,low,5,namecheap,,,22/08/2026 03:57
9a216ebb-afc5-43f7-a0a7-5072da191f65,comprehension.video,available,8.24,30.18,medium,low,13,dynadot,,,29/09/2026 23:00
c759fdfd-1573-4fb9-9703-af80a203797f,zombie.video,premium,64.35,128.7,high,low,6,namecheap,,,21/09/2026 07:05
6e2ddc79-76a4-40c0-a350-414a848d93a8,propitious.video,available,4.98,49.48,high,low,10,namecheap,,,09/09/2026 03:38
2bd00b21-a671-4f63-b906-a375094e2a4f,ankus.video,available,14.99,36.49,medium,low,5,namesilo,,,19/09/2026 09:49
a30b9d61-4858-4df2-a4ff-10f81190da22,ibsen.video,available,14.99,36.49,high,low,5,namesilo,,,29/09/2026 13:02
845ed2fb-42f0-4703-8aa8-c23e929cb482,attempting.video,available,4.98,49.48,medium,low,10,namecheap,,,28/09/2026 12:29
2c84eaf5-913a-4240-aa87-8820c513ecc5,unborn.video,available,4.98,49.48,high,low,6,namecheap,,,12/09/2026 02:23
aa801c79-e5c6-43fe-9695-fe3a13e55a3c,untoasted.video,available,4.98,49.48,medium,low,9,namecheap,,,12/09/2026 21:35
9b60762d-34dc-43bc-a818-accc815b7287,vicennial.video,available,4.98,49.48,medium,low,9,namecheap,,,13/09/2026 05:23
9da3a8dd-2f86-47d6-a6fe-e960c8c23754,antacid.video,available,14.99,36.49,high,low,7,namesilo,,,22/09/2026 05:43
d2a1a378-1437-4a78-85f4-89f3b2d827f2,quantities.video,available,14.99,,low,low,10,name.com,,,
3d286dc5-7ac6-48af-ad39-b0eb9f7b159e,dinkey.video,available,4.98,49.48,medium,low,6,namecheap,,,14/08/2026 08:16
edfe66b7-109f-42b5-ae67-0a7b59268124,expectable.video,available,4.98,49.48,medium,low,10,namecheap,,,17/08/2026 18:02
da5d4989-3a4a-4932-b7a6-38bed4084bc9,whirr.video,available,4.98,49.48,medium,low,5,namecheap,,,13/09/2026 11:31
db20f035-3c24-4f18-9a92-7bcf04725570,cause.video,premium,242,242,high,low,5,namesilo,,,24/09/2026 13:11
885d38b4-4ca8-4e5c-b0a6-769bbd94de18,souls.video,available,14.99,,high,low,5,name.com,,,
b263e371-a775-43d6-98a7-500e153d496c,auric.video,available,4.98,49.48,medium,low,5,namecheap,,,07/08/2026 17:36
ce5ca2d5-99f3-4f77-862d-890fcdb3fe97,abyla.video,available,14.99,36.49,medium,low,5,namesilo,,,16/09/2026 15:53
d5869624-eb3f-4627-b209-5252e472bd43,evitable.video,available,4.98,49.48,medium,low,8,namecheap,,,07/08/2026 22:45
8d8e36a0-aa36-4bf4-a7fc-2e474f53e663,likeable.video,available,4.98,49.48,high,low,8,namecheap,,,23/08/2026 06:11
4e5f1d27-0a32-4804-9040-1788887ceac9,columnar.video,available,4.98,49.48,medium,low,8,namecheap,,,12/08/2026 18:14
8b68b4ca-6780-4b26-b26a-b26226fadd02,spontaneously.video,available,4.34,29.18,medium,low,13,spaceship,,,30/09/2026 11:58
e97ce23c-5ff4-4ea4-83d4-10d540e15e96,hearings.video,available,13.5,,medium,low,8,unstoppable,,,29/09/2026 23:58
bb11add0-14c4-4824-a840-bba7fcce6d6e,dependance.video,available,4.98,49.48,medium,low,10,namecheap,,,17/09/2026 06:55
406eeaf6-d885-4b9c-aa7a-f604edb61ef1,faint.video,available,4.98,49.48,high,low,5,namecheap,,,17/08/2026 21:01
e455b8a5-3bde-4f9c-850c-b90a6781fd72,hissing.video,available,14.99,36.49,medium,low,7,namesilo,,,02/10/2026 04:52
de186757-dad0-40e7-acd2-9ec75699f123,rafts.video,available,4.98,49.48,high,low,5,namecheap,,,14/09/2026 23:26
4864a114-1609-418a-8a9f-e6256c1d0557,superfund.video,available,14.99,36.49,high,low,9,namesilo,,,29/09/2026 08:11
202dddb1-f126-4e9b-9eab-0633940a29b9,norbert.video,available,14.99,36.49,medium,low,7,namesilo,,,28/09/2026 22:05
14d56ac0-c849-41a6-9296-d6988cc3fed8,johanna.video,available,28.2,28.2,high,low,7,cloudflare,,,28/09/2026 03:57
d8b9805d-82eb-449a-b05d-2422b9467827,drumming.video,available,4.98,49.48,high,low,8,namecheap,,,30/09/2026 01:23
96fda23c-52fd-47a4-92f4-5ea73cac5485,biochemistry.video,available,4.34,29.18,high,low,12,spaceship,,,30/09/2026 14:26
d2ac1800-d3cd-4a9b-a5c4-be3b5570e458,skimmed.video,available,4.98,49.48,medium,low,7,namecheap,,,10/09/2026 09:34
391fe818-414f-4a5d-958a-ac448853f8be,ismaili.video,available,4.98,49.48,high,low,7,namecheap,,,22/08/2026 10:53
51f8b02f-52e8-4c4e-81e6-b0b5da63dcf4,hickory.video,available,14.99,36.49,high,low,7,namesilo,,,30/09/2026 17:36
db112d6f-00bd-49ae-a6de-0faf6b61c13d,telescope.video,available,4.34,29.18,high,low,9,spaceship,,,28/09/2026 20:36
6db78a60-4aef-436b-ab0b-21722ad0d63e,quantico.video,available,14.99,36.49,medium,low,8,namesilo,,,01/10/2026 11:25
ada38286-a0cb-4a96-be70-51e1159c6991,stature.video,available,28.2,28.2,high,low,7,cloudflare,,,29/09/2026 08:08
90830fe1-1d10-477d-ba17-72ed84a025d7,titular.video,available,4.98,49.48,medium,low,7,namecheap,,,11/09/2026 16:32
dd330d42-b8eb-4770-9132-341eea9b4eeb,dicky.video,available,4.98,49.48,medium,low,5,namecheap,,,14/08/2026 06:27
c2053956-1c1e-42f1-b72c-bc98fe188051,alqaeda.video,available,14.99,36.49,medium,low,8,namesilo,,,18/09/2026 00:59
c46eb9f2-d482-4327-a3a4-1abf2b1aaf9a,filmable.video,available,4.98,49.48,high,low,8,namecheap,,,18/08/2026 04:23
8552f677-a722-4879-8e42-7e5481e798c6,displacement.video,available,4.34,29.18,high,low,12,spaceship,,,29/09/2026 21:00
90fb663b-d63c-4ca0-8c77-6f882d5df8c4,emanuel.video,available,4.98,49.48,high,low,7,namecheap,,,25/09/2026 14:33
5f86c7e2-0457-4f94-93a5-56c31494243c,remained.video,available,4.98,49.48,medium,low,8,namecheap,,,18/09/2026 11:23
bb508d9b-d8c6-4b63-8d95-88dc90fbda35,ambulant.video,available,4.98,49.48,medium,low,8,namecheap,,,
eba5360c-0d17-4e1a-b5e3-71b4e5c5988e,immoral.video,available,4.98,49.48,medium,low,7,namecheap,,,21/08/2026 21:10
2b55a991-222e-46c8-ab2f-2b1101223af2,stodgy.video,available,4.98,49.48,medium,low,6,namecheap,,,18/08/2026 10:04
57fa87e1-de9f-468f-a6a8-9e654b469a28,expose.video,premium,242,242,high,low,6,namesilo,,,29/09/2026 16:08
f692e0cd-0006-4789-aec2-80e34c29c9b8,unshod.video,available,4.98,49.48,medium,low,6,namecheap,,,14/08/2026 09:48
04659f3a-e9c2-40d8-a628-f7de92c6136c,acinus.video,available,14.99,36.49,medium,low,6,namesilo,,,17/09/2026 01:46
79dde7f1-6e9c-4882-9f25-b345191c03b6,benefice.video,available,14.99,36.49,high,low,8,namesilo,,,23/09/2026 07:54
6a4c1862-a054-438c-9267-e96d77584643,specific.video,available,14.99,36.49,high,low,8,namesilo,,,27/09/2026 02:45
d979f698-771d-4628-ac99-ee118e8b678c,bangtail.video,available,14.99,36.49,medium,low,8,namesilo,,,22/09/2026 02:02
5ee7ed2f-934d-4c67-be84-771121af1062,neoliberal.video,available,4.98,49.48,high,low,10,namecheap,,,03/09/2026 15:23
8d09938f-f195-4f0d-93fc-91f63d0a05b4,geometry.video,available,8.24,29.35,high,low,8,porkbun,,,29/09/2026 20:49
97e64e02-2e9a-4210-b649-b8470f9d5fc5,unsalted.video,available,4.98,49.48,medium,low,8,namecheap,,,12/09/2026 18:45
da3d3e4e-ed84-4b1e-b3a1-993367858b5a,archival.video,available,4.98,49.48,high,low,8,namecheap,,,06/08/2026 15:53
df64e289-81cd-4164-b909-22ff65d08937,streaked.video,available,4.98,49.48,medium,low,8,namecheap,,,10/09/2026 22:16
45125c6d-fc72-4fa4-a007-d208d71bb135,guillaume.video,available,13.5,,medium,low,9,unstoppable,,,28/09/2026 04:52
513c94de-8034-442d-ad87-ae7a631b6e2f,raised.video,available,14.99,36.49,high,low,6,namesilo,,,23/09/2026 09:46
ec0094ec-7a7e-4f85-92a8-f4462f88bf94,shadowed.video,available,4.98,49.48,medium,low,8,namecheap,,,10/09/2026 05:25
f1cd2f65-5918-4465-bd63-773936767aac,narcotic.video,available,4.98,49.48,medium,low,8,namecheap,,,03/09/2026 13:12
bf4c35d4-068a-476c-be2c-655df265d6a7,void.video,resell,,,high,medium,4,"Spaceship, Inc.",25/01/2026 02:11,25/01/2027 02:11,26/09/2026 10:02
581baa4d-f5af-4d10-86fb-bd3e95387d32,conserve.video,available,14.99,36.49,high,low,8,namesilo,,,24/09/2026 17:27
b66481cf-0454-4824-9b30-7226601b65f0,job.video,premium,1107,1107,high,medium,3,namesilo,,,29/09/2026 03:34
d6a9b587-fe6e-46cf-8404-678b13517b64,blind.video,available,14.99,36.49,high,low,5,namesilo,,,22/09/2026 21:56
e198a75b-f885-4937-a22a-caa881effeb9,whiten.video,available,8.24,30.18,medium,low,6,dynadot,,,28/09/2026 10:28
867b710f-930a-46e4-97d7-d2ac809fcce3,affection.video,available,4.98,49.48,high,low,9,namecheap,,,17/09/2026 14:16
9c853185-3558-40d7-9033-efafd80fc365,blindly.video,available,4.98,49.48,medium,low,7,namecheap,,,14/09/2026 00:21
6b791e95-1690-44b5-b403-e344471e27a4,tomb.video,available,4.98,49.48,medium,low,4,namecheap,,,27/09/2026 16:05
eddfc121-0814-480d-b0e7-b181a993b6d4,jeffreys.video,available,28.2,28.2,medium,low,8,cloudflare,,,02/10/2026 01:14
3f6aba4d-ce7e-4b4b-aac8-7a9771d7fd14,milne.video,available,4.98,49.48,medium,low,5,namecheap,,,16/09/2026 12:53
d83012b9-ec43-4d78-b6d9-8049a1655487,gnp.video,premium,54.36,108.6,high,low,3,porkbun,,,30/09/2026 01:45
fd7ccb02-1f89-4d3f-9324-f16dafef3b1b,contestant.video,available,4.98,49.48,medium,low,10,namecheap,,,14/08/2026 12:45
2c1ecc95-4323-450a-ae53-ef0d7102c147,asur.video,available,14.99,36.49,medium,low,4,namesilo,,,20/09/2026 16:43
769a31ca-499c-4c51-bb0c-70d9934c6e68,beckley.video,available,4.98,49.48,medium,low,7,namecheap,,,22/09/2026 22:43
efb3cf31-22be-4139-9e99-6ffe62c8beef,guild.video,resell,,,high,low,5,,,,29/09/2026 01:05
be3ab4a7-01c6-45fb-a1e8-858b69bfdadd,overt.video,available,4.98,49.48,high,low,5,namecheap,,,04/09/2026 21:53
490f4cd2-04f6-426f-b0e1-2e40a50e6b62,blew.video,available,4.98,49.48,medium,low,4,namecheap,,,25/09/2026 11:11
d32d998d-f8c1-4442-a068-4f9fddfd4c74,warped.video,available,4.98,49.48,medium,low,6,namecheap,,,13/09/2026 08:27
5cf504cd-67d8-4652-9add-e0d80983dc9b,tolerance.video,available,4.34,29.18,high,low,9,spaceship,,,28/09/2026 20:10
a2fc185f-9676-4a0b-aba4-a02c765cb6db,model.video,premium,2750,2750,high,medium,5,dynadot,,,02/10/2026 05:51
54036f7a-27ce-42df-8d62-8bb44273b68a,moser.video,available,28.2,28.2,medium,low,5,cloudflare,,,29/09/2026 03:32
d1001de5-0db8-4e7b-8e14-d922b4423d89,chromosomes.video,available,19.99,55.99,medium,low,11,godaddy,,,01/10/2026 00:36
34ce3bce-e7d9-4237-8542-c24ec5543828,accusive.video,available,4.98,49.48,low,low,8,namecheap,,,
2f22fc04-0842-49ec-a85a-6b47983077f4,estimable.video,available,4.98,49.48,medium,low,9,namecheap,,,12/08/2026 19:44
3c54210a-1fd9-4ee4-a8eb-01a2922d195c,abysm.video,available,14.99,36.49,medium,low,5,namesilo,,,16/09/2026 19:45
a61f99ca-b644-45de-97cb-c74bf54a1ce5,harmsworth.video,available,14.99,36.49,medium,low,10,namesilo,,,18/09/2026 06:27
2faff9ed-2d64-4429-9485-f5e17d87681f,usernames.video,available,14.99,36.49,medium,low,9,namesilo,,,20/09/2026 06:18
7751d0b9-3524-4ea9-93da-3e6f435c3178,shrubs.video,available,8.24,29.35,medium,low,6,porkbun,,,30/09/2026 22:40
4cff2fc0-5a28-4113-8828-65941fcbb89f,pablo.video,available,28.2,28.2,high,low,5,cloudflare,,,28/09/2026 11:58
7454a44e-34af-4c48-a831-85f6f19e1c57,upcoming.video,premium,130,260,high,low,8,namecheap,,,06/08/2026 08:39
402fa856-1cb6-49a1-9714-6e0937fee4a7,perceptive.video,available,4.98,49.48,high,low,10,namecheap,,,08/09/2026 16:12
e6531795-4006-40d3-a379-7047c54bd766,relied.video,available,14.99,36.49,medium,low,6,namesilo,,,20/09/2026 05:00
eb5c44b8-9422-4f0b-9225-c0b10bb912f5,tended.video,available,14.99,36.49,medium,low,6,namesilo,,,18/09/2026 22:30
587313e4-e796-4b31-9e1b-de5eaa984ee5,mummy.video,available,14.99,36.49,high,low,5,namesilo,,,28/09/2026 10:18
0deaf046-df05-4001-80d3-194ed4878167,evade.video,available,8.24,30.18,high,low,5,dynadot,,,30/09/2026 17:34
53e77347-06d1-4670-8452-b356058d8f62,hallowmas.video,available,14.99,36.49,medium,low,9,namesilo,,,18/09/2026 09:30
3401387a-39f6-407f-855e-ad12e93632d9,scheme.video,available,14.99,36.49,high,low,6,namesilo,,,30/09/2026 10:40
a2560c69-b831-43fa-9bec-ba383c1c246f,xanthous.video,available,4.98,49.48,medium,low,8,namecheap,,,13/09/2026 14:00
0810579f-1b56-45e7-94c2-e89f064a1f58,ahuehuete.video,available,14.99,36.49,medium,low,9,namesilo,,,17/09/2026 20:34
7507d4bf-fabc-4233-8bc7-b31a435fded9,pcl.video,premium,34.36,68.51,high,low,3,spaceship,,,30/09/2026 21:08
27be7902-d9b4-46c8-bd89-6e73068ec327,diverting.video,available,4.98,49.48,high,low,9,namecheap,,,
fa800d67-44a6-4d9b-8bd5-58c074152f1d,hiatus.video,available,14.99,36.49,high,low,6,namesilo,,,16/09/2026 14:09
9d55c012-54bb-45b4-aac5-2d6433eef74e,nostril.video,available,14.99,36.49,high,low,7,namesilo,,,19/09/2026 12:54
275c9905-3cb7-4d57-b12e-140fea7fdb7c,xiv.video,premium,118.8,118.8,high,low,3,namesilo,,,21/09/2026 11:42
7ac0d65f-e9cc-4c57-8cb2-769a7873b11a,schell.video,available,4.34,29.18,medium,low,6,spaceship,,,02/10/2026 00:38
5eabf632-a751-48d8-8742-7288b475e995,positively.video,available,4.98,49.48,high,low,10,namecheap,,,15/09/2026 21:03
e8feeeaa-8a6b-48aa-898b-abbb68ba0076,reclusive.video,available,4.98,49.48,medium,low,9,namecheap,,,09/09/2026 11:40
5d76f42c-2d69-479c-a7cc-74fc010ddcce,stag.video,available,28.2,28.2,high,low,4,cloudflare,,,30/09/2026 18:38
f3d9499b-2f4c-48a8-80bf-b9f47ced4458,unfretted.video,available,4.98,49.48,medium,low,9,namecheap,,,12/09/2026 10:45
101a7450-7191-4890-ae72-5b41658fe96b,cadge.video,available,4.98,49.48,medium,low,5,namecheap,,,11/08/2026 09:28
2b130171-4eef-4f74-9fca-beba2faa9466,irritated.video,available,4.98,49.48,medium,low,9,namecheap,,,
7a097609-8e86-4195-9f6f-d9727c59950b,octal.video,available,4.98,49.48,medium,low,5,namecheap,,,04/09/2026 00:39
2ace381d-c348-4875-b2af-401a36c60efa,announcing.video,available,4.34,29.18,medium,low,10,spaceship,,,29/09/2026 05:34
e547fe5b-16b3-4251-856f-36997db3d410,viviparous.video,available,4.98,49.48,medium,low,10,namecheap,,,24/08/2026 07:53
9b0ba1ca-b5ff-4831-bb81-fadd005595c7,lentic.video,available,4.98,49.48,medium,low,6,namecheap,,,22/08/2026 23:50
be0ea5aa-7316-427a-954c-8f435d2bafdc,asio.video,available,14.99,36.49,medium,low,4,namesilo,,,20/09/2026 14:18
801e927d-26fb-46e7-a337-3c0a8efeb983,heritable.video,available,4.98,49.48,medium,low,9,namecheap,,,21/08/2026 07:08
dbcd6925-8f48-4bcc-832d-018f88dd9fa3,awaiting.video,available,28.2,28.2,low,low,8,cloudflare,,,28/09/2026 17:49
9de2bd99-7fb8-4d72-a6c0-16ec6f7e7b83,misses.video,available,13.5,,high,low,6,unstoppable,,,01/10/2026 11:41
d388bc16-9f35-4655-a459-0666fff5bcb9,ackee.video,available,14.99,36.49,medium,low,5,namesilo,,,17/09/2026 01:52
230719dd-0e1e-4ab8-af01-ebf0890256d5,srs.video,premium,54.36,108.6,high,low,3,porkbun,,,29/09/2026 23:23
815b143f-ec3d-4376-8c9f-ec9296be60e8,intended.video,available,14.99,36.49,high,low,8,namesilo,,,25/09/2026 09:53
afe24327-208a-4fdc-91b3-25072513ea4c,arrogance.video,available,4.98,49.48,high,low,9,namecheap,,,20/09/2026 09:19
9b9d50a4-1673-4a7d-8f7d-1ea3a43c7887,happier.video,available,14.99,36.49,high,low,7,namesilo,,,18/09/2026 06:17
39f419a7-9bee-456c-ab86-1efd37da3f3d,conducive.video,available,4.98,49.48,high,low,9,namecheap,,,12/08/2026 20:30
b03deff0-0739-4968-9acd-3948cd5f4164,cumulous.video,available,4.98,49.48,medium,low,8,namecheap,,,13/08/2026 10:30
3aac8984-8afb-4d85-b89b-ff78991499c3,her.video,premium,99.5,138.6,high,low,3,unstoppable,,,30/09/2026 22:04
325140c6-b53f-45ca-bad0-298992086a63,examples.video,premium,118.8,118.8,medium,low,8,namesilo,,,29/09/2026 11:13
7ab1f4a7-8e44-48b7-841c-611f51a5550b,resultant.video,available,4.98,49.48,high,low,9,namecheap,,,
d6eb3ffb-a9ea-476e-a77c-a992dee31c03,tuneless.video,available,4.98,49.48,medium,low,8,namecheap,,,11/09/2026 21:05
58e0a1df-b6f7-4c19-9106-238eb093c3ec,grotty.video,available,4.98,49.48,medium,low,6,namecheap,,,20/08/2026 20:20
99efdce5-3b9f-478f-abc2-eeeee796835d,backbend.video,available,14.99,36.49,medium,low,8,namesilo,,,21/09/2026 15:01
6758e125-960f-45f3-9799-10467c3d5dc5,offending.video,available,4.98,49.48,medium,low,9,namecheap,,,04/09/2026 01:28
497d3a42-04e0-4bb2-95a4-5fe611402194,irrelevant.video,available,4.98,49.48,high,low,10,namecheap,,,25/09/2026 11:28
c4fe8cdf-a87a-4a1a-b235-3825bd27d835,polygonal.video,available,4.98,49.48,medium,low,9,namecheap,,,08/09/2026 23:20
99140e2e-db83-4ab7-be6a-5a846e37dfb5,youths.video,available,19.99,55.99,medium,low,6,godaddy,,,01/10/2026 00:09
9377d2d3-e9a8-47f0-bda9-3d79c94b71f5,verifiable.video,available,4.98,49.48,high,low,10,namecheap,,,12/08/2026 20:51
631e4a5d-0969-493c-9b07-5eed61482b39,lunches.video,available,14.99,36.49,medium,low,7,namesilo,,,20/09/2026 07:45
6d20a242-89bf-4207-b00b-2b98e8b607eb,humanitarian.video,available,28.2,28.2,high,low,12,cloudflare,,,28/09/2026 21:16
6d7e405d-7d4c-44f2-8f4e-83124b5e174d,marsupial.video,available,4.98,49.48,high,low,9,namecheap,,,24/08/2026 16:32
962c6d30-1167-4037-a2ec-517e861b1d16,amarelle.video,available,14.99,36.49,medium,low,8,namesilo,,,18/09/2026 15:55
fc9d0e07-c063-40ee-9144-db457b1229f2,mundane.video,available,4.98,49.48,high,low,7,namecheap,,,17/08/2026 14:55
b5921434-5ef3-46f4-ab8c-fe6c910bf59c,sopranino.video,available,4.98,49.48,medium,low,9,namecheap,,,10/09/2026 14:22
20143d4f-cb5c-4999-a505-7d7ba11e2925,genic.video,available,4.98,49.48,medium,low,5,namecheap,,,18/08/2026 21:35
23539dec-4a86-4e8d-ba77-7e1a107d38db,haag.video,available,14.99,36.49,medium,low,4,namesilo,,,01/10/2026 00:54
3dcca576-b2b0-4c52-a860-8e8280a8f4a0,bedcover.video,available,14.99,36.49,high,low,8,namesilo,,,22/09/2026 22:53
efd5e3d1-ce6a-483c-a474-ec46fe7ed483,procurement.video,available,28.2,28.2,high,low,11,cloudflare,,,28/09/2026 08:19
191018bd-5e96-4f66-a4f8-0701871d7b82,contraband.video,available,4.98,49.48,high,low,10,namecheap,,,22/09/2026 21:25
ce6451ae-e9e9-4af1-a8c9-676530b68b1c,rube.video,available,4.98,49.48,medium,low,4,namecheap,,,21/08/2026 08:03
3fd2dc84-628d-42a5-a964-ee5ea86e5241,choreographer.video,available,4.34,29.18,medium,low,13,spaceship,,,30/09/2026 20:06
b015c3cd-d32a-435d-a71e-f91da3858389,murdered.video,available,4.98,49.48,medium,low,8,namecheap,,,03/09/2026 11:02
599dd936-fb74-4359-b3c4-1f55bd179775,entrenched.video,available,14.99,36.49,medium,low,10,namesilo,,,24/09/2026 14:13
11bfa9c8-ac6a-4b51-9898-0ebad1dead37,employable.video,available,4.98,49.48,high,low,10,namecheap,,,16/08/2026 18:22
eed0eb2c-ecaf-4e81-a419-c42baf056e38,territorial.video,available,4.34,29.18,medium,low,11,spaceship,,,28/09/2026 21:11
1ee05d77-f6b0-4354-b165-dfc98bc640cd,handkerchief.video,available,14.99,36.49,high,low,12,namesilo,,,30/09/2026 06:03
f6a3bac6-d78d-450c-a11f-2570c8c6bfb4,cargo.video,premium,64.35,128.7,high,low,5,namecheap,,,01/10/2026 12:59
410c9fe5-c7ee-46b3-a03c-95d24b55a242,spf.video,premium,78.54,78.54,high,low,3,namesilo,,,30/09/2026 17:23
fbca1a43-852a-4220-a734-a4be4fddca03,velvety.video,available,4.98,49.48,high,low,7,namecheap,,,13/09/2026 02:00
de334ad8-9d45-474e-b47f-7896a47e219c,peyton.video,available,4.34,29.18,medium,low,6,spaceship,,,28/09/2026 18:24
8aacbbc7-d2da-4154-8032-46be227e0fe3,reflexes.video,available,14.99,36.49,medium,low,8,namesilo,,,19/09/2026 23:46
a05e4dd9-5687-4b1a-a754-547c310e9e1f,infection.video,available,4.98,49.48,medium,low,9,namecheap,,,27/09/2026 04:34
edb126ff-4224-4182-b47b-981bc2d5dd10,locked.video,available,4.98,49.48,high,low,6,namecheap,,,27/09/2026 02:54
da380e7a-149c-43ed-bc79-234e144f8552,superstition.video,available,4.98,49.48,medium,low,12,namecheap,,,30/09/2026 14:14
02c7d9b8-a2f6-4245-9bbc-0b64dafaf224,essentially.video,available,14.99,36.49,medium,low,11,namesilo,,,28/09/2026 07:07
89e4a82f-2ddb-4ba2-b96e-f0d26205a03b,grandkid.video,available,14.99,36.49,high,low,8,namesilo,,,01/10/2026 07:59
0cd2663b-286f-4969-a236-abd20a8f7f48,demosthenes.video,available,8.24,30.18,medium,low,11,dynadot,,,01/10/2026 09:49
89abcf95-a283-48bb-a8c9-fe5f3000078d,sealed.video,available,4.34,29.18,high,low,6,spaceship,,,27/09/2026 18:59
7a76c9a7-b122-44b8-b1c6-24d219ffeaba,easements.video,available,8.24,30.18,medium,low,9,dynadot,,,30/09/2026 15:56
86389099-66cd-4bf0-8d61-57af063c64fc,arbalist.video,available,4.98,49.48,medium,low,8,namecheap,,,20/09/2026 00:35
a897a95e-5041-45e9-9073-e99af2229279,dietetic.video,available,4.98,49.48,medium,low,8,namecheap,,,14/08/2026 06:56
195ed8a7-a530-4237-a712-e341a61dcd0f,letting.video,available,4.98,49.48,high,low,7,namecheap,,,09/09/2026 14:21
23227486-94bf-4133-b7ba-748900557f85,scandal.video,premium,118.8,118.8,high,low,7,namesilo,,,30/09/2026 03:45
e90771c6-8333-4f3e-a1e2-9ec0c28ad3f3,assigned.video,available,4.98,49.48,medium,low,8,namecheap,,,07/08/2026 06:35
e1f79e9e-173d-47f1-ac18-8ea29bc0edbd,rigorous.video,available,4.34,29.18,high,low,8,spaceship,,,27/09/2026 15:20
90299a18-65c9-4739-919c-dce7d1051fd5,extracted.video,available,14.99,36.49,medium,low,9,namesilo,,,29/09/2026 10:37
4be05e5f-f436-4266-9492-2d746d11c012,michelson.video,available,14.99,36.49,medium,low,9,namesilo,,,16/09/2026 12:52
14648432-4cd8-48d0-9aef-e56ff613a948,retaliator.video,available,14.99,36.49,medium,low,10,namesilo,,,21/09/2026 08:57
765af49f-b2e9-405b-975a-62d3e2408d96,mashed.video,available,13.5,,high,low,6,unstoppable,,,30/09/2026 12:00
41e59a8c-5aca-4d15-8cd2-cfd00ba6a086,scottish.video,premium,64.35,128.7,high,low,8,namecheap,,,09/09/2026 23:35
32c41a4f-3985-489a-a6de-4f25f05554f2,insertion.video,available,4.34,29.18,high,low,9,spaceship,,,30/09/2026 01:59
8e0fb618-cb46-4970-837e-9579a64b1ac8,barksdale.video,available,4.34,29.18,medium,low,9,spaceship,,,02/10/2026 00:54
6ee6489c-e24c-4889-a4d2-770e7b398f33,davey.video,available,4.34,29.18,medium,low,5,spaceship,,,28/09/2026 07:55
9387afbe-b538-4108-bfd6-c5578be3d926,horrific.video,available,4.98,49.48,medium,low,8,namecheap,,,14/08/2026 08:59
6f549a7c-21a1-47e2-8734-b0542d914f6c,gag.video,premium,99.5,138.6,high,low,3,unstoppable,,,29/09/2026 20:25
c2800727-c3ac-4d64-be97-ef6edbbefb1e,differed.video,available,14.99,36.49,medium,low,8,namesilo,,,20/09/2026 05:03
7618450a-567b-44e2-a9ce-47f432fc1bd4,grizzled.video,available,4.98,49.48,medium,low,8,namecheap,,,20/08/2026 20:11
faab818c-2733-4e35-8e2b-564bc1d4dd36,prosecute.video,available,28.2,28.2,high,low,9,cloudflare,,,29/09/2026 20:42
0dea3d3f-bdab-41d3-93a1-aa4cdcf45a41,acceleration.video,available,14.99,36.49,high,low,12,namesilo,,,30/09/2026 05:46
7438b627-8ba4-4554-ae7c-71538b94ae57,applicator.video,available,14.99,36.49,medium,low,10,namesilo,,,19/09/2026 21:55
07689838-b8c6-402c-8de0-007cda1d2a08,snare.video,available,4.34,29.18,high,low,5,spaceship,,,01/10/2026 03:08
fcb2045a-46f3-4bfb-8115-a7fe681f5bd0,harnessed.video,available,4.98,49.48,medium,low,9,namecheap,,,21/08/2026 01:05
e4489640-a19d-4379-839a-4ef6c05aeb6c,archdeacon.video,available,14.99,36.49,medium,low,10,namesilo,,,20/09/2026 01:53
4c7470e1-2395-40ee-bb98-60292ba8cbfd,units.video,available,14.99,36.49,medium,low,5,namesilo,,,17/09/2026 16:07
048b2237-555b-4e59-9a80-6d9b6e41a3a2,regression.video,available,4.98,49.48,high,low,10,namecheap,,,20/09/2026 09:08
59873d9a-e3d1-4055-a16d-cf65abfbda65,whiny.video,available,4.98,49.48,medium,low,5,namecheap,,,09/09/2026 08:37
02b99125-9804-4f7f-ba3c-c2e8ce56243c,openly.video,available,4.98,49.48,high,low,6,namecheap,,,15/09/2026 17:59
222ebe04-896c-4d3f-882a-bcfbf429ab0a,hannibal.video,available,14.99,36.49,high,low,8,namesilo,,,27/09/2026 04:24
b8319bc0-0a8b-43dd-a6dd-c0d5da1bb8b6,moby.video,available,13.5,,medium,low,4,unstoppable,,,30/09/2026 04:05
d8658368-9855-4ba2-8675-9e9bb5b7e140,swindle.video,available,4.98,49.48,medium,low,7,namecheap,,,14/09/2026 07:52
2fc5f249-2600-47e8-8496-2463af5f9090,booklet.video,available,14.99,36.49,high,low,7,namesilo,,,24/09/2026 07:06
e25b3ea6-dff7-4584-9cc5-ca78e189e7c2,gjo.video,premium,118.8,118.8,medium,low,4,namesilo,,,17/09/2026 05:37
720c9281-5a96-4f15-8e35-81f987b64bc1,masquerade.video,available,14.99,36.49,high,low,10,namesilo,,,30/09/2026 17:17
727655d0-5ff9-43f4-bba6-c5b341c71322,origins.video,available,14.99,36.49,medium,low,7,namesilo,,,16/09/2026 10:13
22cc58e5-a2de-4ab0-845a-9417bb958c25,institutions.video,available,14.99,36.49,medium,low,12,namesilo,,,29/09/2026 16:24
517bdfa1-a32c-4195-af5f-17a233137d2a,airliner.video,available,14.99,36.49,high,low,8,namesilo,,,17/09/2026 23:14
ee9e5914-501e-4992-999e-93e841e88a6d,realizable.video,available,14.99,36.49,high,low,10,namesilo,,,21/09/2026 15:51
160e0980-60fd-41d3-9530-a5aa7b040ee5,truncheon.video,available,14.99,36.49,medium,low,9,namesilo,,,23/09/2026 16:38
3ebade0f-0884-421b-a233-6fa2d9c5e7a2,faultless.video,available,4.98,49.48,high,low,9,namecheap,,,18/08/2026 00:05
10da73c5-6ea0-4e3f-a9c1-ece6a279d0c3,rhineland.video,available,4.34,29.18,medium,low,9,spaceship,,,29/09/2026 13:52
10865bfc-4fa0-4aea-b7dd-fa12f0990e21,jurassic.video,available,4.98,49.48,high,low,8,namecheap,,,22/08/2026 14:38
5b7fd984-258a-43fd-8387-120a967638aa,agonising.video,available,4.98,49.48,medium,low,9,namecheap,,,
a5e7db8e-c4c5-48a3-89f0-b3ee0b1f1927,litchfield.video,available,28.2,28.2,medium,low,10,cloudflare,,,28/09/2026 21:40
8517064c-8925-4727-8d9d-7f1aa061cee2,thales.video,available,14.99,36.49,high,low,6,namesilo,,,01/10/2026 21:55
9703ad88-002a-4f64-8a06-af40c7cada24,ascendant.video,available,4.98,49.48,high,low,9,namecheap,,,
0c7bee1f-13db-4cd6-9d52-9c9a28caed1a,lady.video,premium,109.53,218.86,high,low,4,porkbun,,,29/09/2026 20:47
555a150c-59c0-48c8-a445-1b87cf54e7e1,hiding.video,available,4.98,49.48,high,low,6,namecheap,,,08/09/2026 11:45
04318c23-f043-4403-997b-e252e99d4f66,introduce.video,available,13.5,,high,low,9,unstoppable,,,30/09/2026 00:04
1d0d5798-a407-4992-b303-f75b5df23b12,boyish.video,available,4.98,49.48,high,low,6,namecheap,,,11/08/2026 00:04
53e43549-3440-4505-b23d-22b91823bbc1,resurgent.video,available,4.98,49.48,high,low,9,namecheap,,,09/09/2026 13:53
bcad122f-b81b-4c58-9079-5a450eb73bce,pitcher.video,available,14.99,36.49,medium,low,7,namesilo,,,28/09/2026 09:43
1b94d078-9771-41b3-9ee2-fb34f1c20459,pamela.video,available,14.99,,high,low,6,name.com,,,
ca153f54-d6b0-444d-8f71-31024282bd62,coast.video,premium,242,242,high,low,5,namesilo,,,29/09/2026 10:10
9fae1e92-8fc1-4265-803f-291cb92d457f,oaken.video,available,4.98,49.48,medium,low,5,namecheap,,,03/09/2026 23:26
5da1818f-0928-493d-8e7e-6896bf3356e1,wizards.video,available,13.5,,high,low,7,unstoppable,,,02/10/2026 03:40
17af4526-349a-42fa-bb30-8de306c792c0,tattle.video,available,14.99,36.49,medium,low,6,namesilo,,,23/09/2026 23:36
29dfc07c-524d-44ed-b5a7-bb1ee2c71274,collegium.video,available,4.34,29.18,high,low,9,spaceship,,,01/10/2026 14:27
b53d6f51-ef60-4aaa-99e5-f1ce4911d835,leftish.video,available,4.98,49.48,medium,low,7,namecheap,,,22/08/2026 22:47
7982dfb8-641b-4894-baff-f482d3135a34,trick.video,available,14.99,36.49,high,low,5,namesilo,,,22/09/2026 06:28
612127a1-54eb-43c0-84b7-de9a99f1e5cc,parasitic.video,available,4.98,49.48,medium,low,9,namecheap,,,17/08/2026 10:15
15d793ae-5c9d-489f-b793-31fdb3c53a10,adjacent.video,available,4.98,49.48,high,low,8,namecheap,,,
3ae2fb9b-cf0a-4202-8b64-3fe932a740df,glow.video,resell,,,high,medium,4,"Xiamen ChinaSource Internet Service Co., Ltd",06/04/2023 17:00,06/04/2027 17:00,26/09/2026 06:24
494b71b3-88d2-4425-a390-cbfe5bfdadec,berit.video,available,14.99,36.49,high,low,5,namesilo,,,23/09/2026 09:27
4e2b6475-b2d5-4ecc-97c2-1763c3a577dd,hostility.video,available,14.99,36.49,medium,low,9,namesilo,,,19/09/2026 12:25
c673ae84-ad76-4f57-8e7e-362382b4e9cf,intently.video,available,4.98,49.48,medium,low,8,namecheap,,,15/09/2026 08:56
82a4ae69-c56c-4e9c-a7f7-4a38c58c371d,psalms.video,available,14.99,36.49,high,low,6,namesilo,,,24/09/2026 07:04
4aa9eece-0b20-49de-8bc0-a9fb1457f962,sax.video,premium,64.35,128.7,high,low,3,namecheap,,,17/09/2026 09:36
766a19ce-d8c5-4ce6-a2a4-fb1cd7aa9af6,regeneration.video,available,13.5,,high,low,12,unstoppable,,,29/09/2026 22:53
9dd50743-1be9-47fd-a857-a99a288368a7,cancelled.video,available,4.98,49.48,high,low,9,namecheap,,,11/08/2026 16:25
1c027a18-c6df-4c53-91fb-58851636fa4c,cresson.video,available,4.98,49.48,medium,low,7,namecheap,,,13/08/2026 06:16
2505cf8e-a31b-41de-87ef-c843b3d0b517,farmington.video,available,4.34,29.18,medium,low,10,spaceship,,,28/09/2026 05:41
e02f8f42-0104-4a4b-bd0b-e4e10691490f,machining.video,available,4.34,29.18,medium,low,9,spaceship,,,29/09/2026 03:26
f202d32b-cf28-4558-a696-b8248ae30247,whistles.video,available,28.2,28.2,medium,low,8,cloudflare,,,30/09/2026 07:27
3b061233-5de4-4682-be86-a3d991f86e36,charity.video,premium,42.9,85.8,high,low,7,namecheap,,,24/09/2026 10:51
cbdf35d3-8e41-4253-8c8d-2abcb3f8e875,processing.video,available,4.34,29.18,high,low,10,spaceship,,,28/09/2026 15:08
592d2cf4-eef3-4805-a7c0-572e3f366530,flawed.video,available,4.98,49.48,medium,low,6,namecheap,,,18/08/2026 07:18
3f7a20db-ca7f-4dbd-ae2c-fae5da348bde,banning.video,available,4.98,49.48,medium,low,7,namecheap,,,18/08/2026 11:11
831c518f-1fbe-4627-a75e-4eb4f1f8c8ff,alee.video,available,4.98,49.48,low,low,4,namecheap,,,13/09/2026 18:38
7516c02b-9446-4d32-9189-743f3b81b94b,franco.video,available,8.24,29.35,high,low,6,porkbun,,,29/09/2026 06:44
ee224583-6fdf-46c5-b675-2cde536bebd0,nomadic.video,available,4.98,49.48,high,low,7,namecheap,,,25/08/2026 02:19
cff607e7-501a-4fc1-a134-fa9db116a009,willful.video,available,4.98,49.48,medium,low,7,namecheap,,,18/08/2026 16:37
424721e8-c1d0-4d18-85ad-1050a85b5417,reflections.video,available,4.98,49.48,medium,low,11,namecheap,,,18/09/2026 07:20
283bbf62-ae8c-4ab9-81d1-d790a7d24a3c,fights.video,premium,250,250,medium,low,6,name.com,,,20/09/2026 00:14
926e1c45-4756-4fc2-82f6-f19546e406ac,eerie.video,available,4.98,49.48,high,low,5,namecheap,,,15/08/2026 12:43
96d89962-38ce-405a-8f1d-c4e3ac5bd4c9,mcleod.video,available,4.98,49.48,high,low,6,namecheap,,,27/09/2026 06:53
255c2b45-4f0b-40b1-9eed-32918c3a1ad3,reed.video,available,14.99,36.49,high,low,4,namesilo,,,22/09/2026 21:42
551cb129-9dc9-4e75-888a-0384d37ddf74,exacting.video,available,4.98,49.48,medium,low,8,namecheap,,,17/08/2026 15:32
4731ecbd-49e7-4344-8671-219955824cd8,seventh.video,available,4.98,49.48,high,low,7,namecheap,,,
2ed11004-4207-4656-8357-0f34d778b7c8,packable.video,available,4.98,49.48,medium,low,8,namecheap,,,04/09/2026 22:41
ca29f7d0-f382-4f5b-87e5-4f70652a3a90,bestowal.video,available,4.98,49.48,medium,low,8,namecheap,,,23/09/2026 10:39
c38b8ac1-a523-4864-baa5-4aa7e4f7d8b3,completions.video,available,13.5,,medium,low,11,unstoppable,,,30/09/2026 00:48
46d0b4e8-9d04-4b11-a2a5-fc3f5dfb9ee3,biome.video,available,4.98,49.48,high,low,5,namecheap,,,23/09/2026 18:30
874ef49f-8b8d-4ab6-b999-244aeda9af28,accused.video,available,28.2,28.2,medium,low,7,cloudflare,,,28/09/2026 17:31
87a1f018-ead7-4678-ada7-0170a499baad,grating.video,available,4.98,49.48,medium,low,7,namecheap,,,20/08/2026 18:26
012074cb-ce79-4e48-b383-fa8c1436d7b3,nix.video,premium,42.9,85.8,high,low,3,namecheap,,,03/09/2026 22:30
603796df-72f3-4c4a-aaec-e662d75b98e3,manassas.video,available,4.34,29.18,medium,low,8,spaceship,,,29/09/2026 22:10
39edd41d-45aa-4cf8-82c4-126c2bd4218a,stable.video,available,4.34,29.18,high,low,6,spaceship,,,28/09/2026 00:26
bc60ab86-e1f9-4b4b-a932-6f133285c571,clover.video,resell,,,high,low,6,"Spaceship, Inc.",25/01/2026 02:11,25/01/2027 02:11,26/09/2026 05:00
8eef0246-ed02-4e18-845f-a2959208c29c,musicians.video,premium,118.8,118.8,medium,low,9,namesilo,,,28/09/2026 17:31
77cedb62-f106-41d2-8bb4-7c6347e01e77,buns.video,available,4.98,49.48,medium,low,4,namecheap,,,09/08/2026 10:54
64932202-5772-4809-bcad-e61926be375e,aurorean.video,available,4.98,49.48,medium,low,8,namecheap,,,07/08/2026 18:12
95fbf6a2-5989-43e5-9929-e5a1cd6aa313,suspension.video,available,13.5,,high,low,10,unstoppable,,,28/09/2026 16:59
b177bb61-93c0-4f09-8363-7854f05f379e,helicopter.video,premium,242,242,high,low,10,namesilo,,,25/09/2026 05:19
0bef03cf-dfa9-4eff-a4bc-fbc398ff4412,reinforce.video,available,28.2,28.2,high,low,9,cloudflare,,,29/09/2026 20:46
925abc79-bd3d-4566-bc51-8f96020bf971,ecosystem.video,available,14.99,36.49,high,low,9,namesilo,,,02/10/2026 05:36
69b06267-cb8e-4646-a9e2-02a2039300e2,ceylonese.video,available,4.98,49.48,high,low,9,namecheap,,,12/08/2026 01:10
e92a1aaf-447d-4876-b0e8-82de37e6ecea,converts.video,premium,31.25,62.3,medium,low,8,spaceship,,,01/10/2026 00:07
3877ddbe-65de-4dd4-b18b-5fddd23bfbe3,shun.video,available,4.98,49.48,high,low,4,namecheap,,,24/09/2026 02:00
ee4110b6-2f2f-4b7f-bb2f-65312fb209cd,paused.video,available,14.99,36.49,medium,low,6,namesilo,,,18/09/2026 02:16
5ec3a8bf-9dca-48b8-9996-07551ef88c19,dempsey.video,available,14.99,36.49,high,low,7,namesilo,,,28/09/2026 05:31
0eb0b2b7-ffe0-4850-967a-c116506cbb70,betimes.video,available,4.98,49.48,medium,low,7,namecheap,,,13/09/2026 23:59
4501cdde-428c-47fb-b9b6-dda20a1c977d,outdoors.video,premium,3450,3450,high,low,8,namesilo,,,21/09/2026 23:54
73c7e100-91f6-4c78-a197-d75048086b04,accommodation.video,available,14.99,36.49,high,low,13,namesilo,,,29/09/2026 10:10
286ec307-1934-407a-96c9-8b770af0cf08,limitations.video,available,14.99,36.49,medium,low,11,namesilo,,,29/09/2026 10:21
01367c88-b28f-4bcf-8cff-ed197f1f8d44,bingo.video,resell,,,high,low,5,"GoDaddy.com, LLC",11/05/2015 22:17,11/05/2027 22:17,26/09/2026 04:25
ceb39d1c-6831-4554-b6c3-c1db5c5ddb84,verbs.video,available,14.99,,medium,low,5,name.com,,,
1a599c15-6c78-4c59-8504-fd911a434376,testicle.video,available,14.99,36.49,medium,low,8,namesilo,,,21/09/2026 22:59
933d0bef-9302-4fd3-91bb-c069b67b9184,nichols.video,available,14.99,36.49,high,low,7,namesilo,,,25/09/2026 17:20
7f1c2777-fc20-47c1-9043-03e42abd1bd7,dsc.video,premium,118.8,118.8,high,low,3,namesilo,,,29/09/2026 21:44
c9ef7480-8735-4987-8cc1-c62e5a4a7099,annulment.video,available,14.99,36.49,medium,low,9,namesilo,,,16/09/2026 17:16
ba412f18-2aae-437d-8e66-f4b93d631e32,condemnation.video,available,14.99,36.49,medium,low,12,namesilo,,,30/09/2026 23:02
af2dcd9c-01ab-4fa3-986b-adc93d075a77,greenville.video,premium,242,242,high,low,10,namesilo,,,25/09/2026 06:42
57e751de-729b-4f9c-a718-c7506600130b,thirty.video,available,4.98,49.48,high,low,6,namecheap,,,
c2942c6a-1ebb-420c-b2a8-39bf0d80c179,zoophagous.video,available,4.98,49.48,low,low,10,namecheap,,,18/08/2026 07:58
0e140367-03c1-455a-ae68-60908c19854e,sandhopper.video,available,4.98,49.48,medium,low,10,namecheap,,,22/09/2026 18:44
a7c3b0b3-00d9-44d4-a88d-595b9516eebb,animosity.video,available,4.98,49.48,medium,low,9,namecheap,,,19/09/2026 09:20
b895770a-51fe-4f29-8fd6-3966695abd3a,promotions.video,premium,51.43,102.67,medium,low,10,spaceship,,,28/09/2026 08:51
9f60f435-11fc-42f3-9729-3bad493b8c55,belt.video,available,4.34,29.18,high,low,4,spaceship,,,28/09/2026 13:21
8eebfa0b-bd5a-464e-a6cc-c1e6602fbfb8,landless.video,available,4.98,49.48,medium,low,8,namecheap,,,22/08/2026 19:24
a696d8fd-87d2-4906-a2cd-c5bca15b8369,actress.video,premium,103.7,207.2,high,low,7,spaceship,,,28/09/2026 18:10
33285617-2db9-45a3-b3d1-a2697c0d1446,uncrowded.video,available,4.98,49.48,medium,low,9,namecheap,,,12/09/2026 06:35
f304ba40-7bc3-427f-a7e6-c91c2493dd65,fortnight.video,available,13.5,,high,low,9,unstoppable,,,02/10/2026 04:55
f0f811a1-5572-4e81-b5a3-6e59cc4b895a,caligula.video,available,14.99,36.49,high,low,8,namesilo,,,02/10/2026 04:13
6b71e1e9-d8f6-4dcc-9a49-d1509b2c160c,motto.video,available,14.99,36.49,high,low,5,namesilo,,,28/09/2026 13:39
b9b25ad7-acb4-470b-b665-0374afc99312,blazer.video,available,14.99,36.49,high,low,6,namesilo,,,24/09/2026 05:03
b4cf409d-61de-4101-acd8-77c397b7bdf1,economies.video,available,4.98,49.48,medium,low,9,namecheap,,,02/10/2026 03:52
c82b4240-1a60-47b0-a7f5-62ab04802aed,lockport.video,available,8.24,30.18,medium,low,8,dynadot,,,30/09/2026 13:59
3b4f621f-6719-4a3c-a0d2-6888cd3f5af8,favours.video,available,14.99,36.49,medium,low,7,namesilo,,,17/09/2026 23:24
577ea8c6-5400-4a46-acab-8ad95ca29c2c,ataraxia.video,available,4.98,49.48,high,low,8,namecheap,,,20/09/2026 19:35
a7460fb3-59fe-486c-955e-0664067b8027,resume.video,resell,,,high,low,6,"GoDaddy.com, LLC",06/05/2015 18:45,06/05/2027 18:45,26/09/2026 08:38
776eb212-858f-446e-8827-7d51439b0656,uml.video,premium,69.3,138.6,high,low,3,namecheap,,,
bbe6a566-689d-42aa-be51-f43f720248a8,crotch.video,available,4.98,49.48,medium,low,6,namecheap,,,24/09/2026 19:42
30b06a52-93ea-4e5d-98b6-ea98e35c3a9c,bandana.video,available,14.99,36.49,high,low,7,namesilo,,,22/09/2026 00:59
d13130e6-19aa-44f4-a555-92e593205e28,hilar.video,available,4.98,49.48,medium,low,5,namecheap,,,21/08/2026 09:19
5ffa40c5-0784-4ee2-a0b3-1f726378430c,placing.video,available,4.34,29.18,medium,low,7,spaceship,,,28/09/2026 21:04
ebd038e3-6026-42b2-9d19-d06874c8f5a3,misdemeanor.video,available,28.2,28.2,high,low,11,cloudflare,,,30/09/2026 03:29
852e4b5b-7a27-4a0c-8d48-425dd8993fe8,somnolent.video,available,4.98,49.48,medium,low,9,namecheap,,,10/09/2026 11:38
168058dd-08c8-40cc-9bcb-61eb562fc554,mills.video,available,14.99,36.49,high,low,5,namesilo,,,30/09/2026 04:31
08a18f49-eb6f-437b-8b35-a0df4f3f7b0d,confession.video,premium,130,260,high,low,10,namecheap,,,29/09/2026 10:52
b7708445-1338-4249-89de-c8338c293957,jubilant.video,available,4.98,49.48,high,low,8,namecheap,,,17/08/2026 19:46
d8d5e445-8ffc-4181-bba4-e0221a4971f1,griffith.video,available,4.98,49.48,medium,low,8,namecheap,,,25/09/2026 04:33
49fd1431-5b40-4303-8ff6-0b94250251bb,marston.video,available,14.99,36.49,medium,low,7,namesilo,,,28/09/2026 16:09
9b14af43-aca5-4793-8c0b-03f282047ae9,ending.video,available,4.98,49.48,high,low,6,namecheap,,,25/09/2026 05:36
b72e6d0a-8bd8-431f-a0b5-ec81505978c5,vitalizer.video,available,14.99,36.49,medium,low,9,namesilo,,,19/09/2026 09:10
af009f2d-4817-4d56-9d2b-59607f890b1c,offense.video,available,4.98,49.48,high,low,7,namecheap,,,04/09/2026 01:32
f79cf285-c714-492b-9cf3-9470dd44f023,visualised.video,available,4.98,49.48,medium,low,10,namecheap,,,17/08/2026 10:03
98d4c27e-7aad-4167-86e3-ec99f4718162,permitted.video,available,14.99,,high,low,9,name.com,,,
b17d1603-d130-4fc3-a4e9-7211e695a92b,taps.video,available,13.5,,high,low,4,unstoppable,,,29/09/2026 20:29
79e0fc49-1553-456a-8c50-7f5bc8eb7c36,clifton.video,available,4.98,49.48,medium,low,7,namecheap,,,25/09/2026 19:29
69c84811-4e6c-4b83-9def-75b8b9ffc120,gev.video,premium,34.36,68.51,medium,low,3,spaceship,,,30/09/2026 12:48
67f19fd4-2c1a-4891-8b7f-b99fefa6753d,hildebrand.video,available,13.5,,medium,low,10,unstoppable,,,30/09/2026 01:47
72351120-575f-4bdf-9c5a-f2506883bff0,bridgeable.video,available,4.98,49.48,medium,low,10,namecheap,,,11/08/2026 04:00
024dc18e-9cd3-44dc-b4ba-7a9ce661a9e0,jointly.video,available,4.34,29.18,medium,low,7,spaceship,,,28/09/2026 14:08
d12f8957-0561-4c9f-8e49-e9ee0dcc1ae0,unavoidable.video,available,14.99,36.49,high,low,11,namesilo,,,30/09/2026 11:43
bb391b70-bdc3-47ab-af1c-cc60e6ef7411,vanzetti.video,available,14.99,36.49,medium,low,8,namesilo,,,22/09/2026 09:26
54328375-50b1-4285-b9d3-ff0fa095ec29,learning.video,premium,400.5,414.2,high,low,8,unstoppable,,,30/09/2026 16:11
077621c6-21c8-4b1e-875c-65c46ffe800c,marxist.video,available,4.98,49.48,high,low,7,namecheap,,,10/08/2026 17:53
7aa087a6-0e3b-49cc-b404-12cdc101508c,vacantly.video,available,14.99,36.49,low,low,8,namesilo,,,16/09/2026 10:32
896a3482-5751-4681-a910-a946d8ac3dce,timbered.video,available,4.98,49.48,medium,low,8,namecheap,,,11/09/2026 15:59
affd1e39-4b44-4665-9786-cbdda76daa4f,unbearable.video,available,14.99,36.49,medium,low,10,namesilo,,,25/09/2026 10:28
6ebbdd9e-e3a4-47f7-870c-dc2e036b6db1,starts.video,premium,69.3,138.6,medium,low,6,namecheap,,,
f06fcb41-139a-41a9-979d-d34db680e934,carolina.video,available,14.99,36.49,high,low,8,namesilo,,,28/09/2026 01:35
22206f23-a3c3-4b5d-8090-43fa93f51c6c,nonionic.video,available,4.98,49.48,medium,low,8,namecheap,,,03/09/2026 19:33
04811d56-f61a-43b2-adb6-f2b6c5cf8f71,horror.video,premium,3450,3450,high,low,6,namesilo,,,27/09/2026 14:08
d1d59249-acc1-472f-8db6-fe97bd8abca4,lawfully.video,available,14.99,52.99,medium,low,8,name.com,,,13/08/2026 19:09
18074694-6771-4680-895d-e17c825c6829,mathews.video,available,14.99,36.49,medium,low,7,namesilo,,,27/09/2026 01:56
1fa23c79-a96b-48b3-8cdd-b0ce092782e3,vhf.video,premium,34.36,68.51,high,low,3,spaceship,,,28/09/2026 02:03
e95274c5-a19a-4892-a3a1-3f6764a2a096,totalizer.video,available,4.98,49.48,medium,low,9,namecheap,,,17/09/2026 06:58
fc6bdebe-32ce-440b-9588-7df5a81f7a9f,uup.video,premium,42.9,85.8,medium,low,3,namecheap,,,20/09/2026 22:18
bc986c7f-1f50-4f82-8f69-60d33df1201b,stupendous.video,available,4.98,49.48,high,low,10,namecheap,,,12/08/2026 18:00
87867c5f-a45b-4fe2-bbf5-5241bb9e3152,gently.video,available,8.24,30.18,high,low,6,dynadot,,,28/09/2026 14:58
d15e1a67-1615-44fa-ac88-3b975eda312b,angora.video,available,14.99,36.49,high,low,6,namesilo,,,19/09/2026 07:06
c5e8cf17-0299-4368-b12b-c203b86f5252,sleepless.video,available,4.98,49.48,medium,low,9,namecheap,,,22/08/2026 07:24
b44f3ecd-a289-41dd-87b9-dc7572495058,seeger.video,available,14.99,36.49,high,low,6,namesilo,,,18/09/2026 01:49
77f1d1e1-5d08-42af-a9f5-29ff548f2189,hammering.video,available,28.2,28.2,high,low,9,cloudflare,,,01/10/2026 02:23
2171f8b3-cf2a-452a-9dbb-c62cb747bf2e,consumable.video,available,4.98,49.48,high,low,10,namecheap,,,12/08/2026 23:04
8b17cefd-d3d4-4d79-bb2f-045c672b5c76,bifurcated.video,available,4.98,49.48,medium,low,10,namecheap,,,09/08/2026 20:24
c5bc4ce4-27ef-4855-b1cd-d3da4c6ea18d,yuman.video,available,4.98,49.48,medium,low,5,namecheap,,,13/09/2026 14:54
ebad8f40-5f6e-42ea-9a56-59ed3aa8f448,limber.video,available,4.98,49.48,high,low,6,namecheap,,,23/08/2026 11:08
1cce4319-9d1c-4e2f-ba36-46c2e3bf3667,techniques.video,available,14.99,36.49,medium,low,10,namesilo,,,19/09/2026 01:18
f30afee2-c1cf-4f79-9db0-0858835d8ce7,zimmerman.video,available,8.24,29.35,medium,low,9,porkbun,,,27/09/2026 20:41
2bcf0b14-4e40-402c-acd7-849c930f4c32,fauna.video,available,4.98,49.48,high,low,5,namecheap,,,
5dcd2821-99f1-4bc4-907d-6f65b03eac84,sql.video,premium,103.7,207.2,high,low,3,spaceship,,,28/09/2026 04:28
476e2dd2-bc59-4e03-a8fc-482feb777277,parental.video,available,4.98,49.48,high,low,8,namecheap,,,08/09/2026 01:14
7293674e-c8b3-4bd6-9eff-a57e76e9de25,maru.video,available,4.34,29.18,high,low,4,spaceship,,,30/09/2026 11:45
e05247a4-2161-46ff-b7ae-f4af5c89ec74,focally.video,available,4.98,49.48,medium,low,7,namecheap,,,14/09/2026 19:10
60aea974-1dee-4419-8fa1-a2a62eeaf88b,dubbed.video,available,13.5,,medium,low,6,unstoppable,,,30/09/2026 07:36
5dab1b7f-2ae4-4baa-84bf-613005dbb95f,options.video,premium,78.54,78.54,high,low,7,namesilo,,,19/09/2026 14:29
d6e26e9e-6715-4b64-adf3-35174591cde9,entrances.video,available,4.98,49.48,medium,low,9,namecheap,,,30/09/2026 07:42
53ea2a75-c7bd-43a8-88b6-b452e8df83fd,wta.video,premium,51.43,102.67,medium,low,3,spaceship,,,30/09/2026 21:03
b81abd67-0f75-4b6a-bab5-af7b02cf7235,checker.video,available,14.99,36.49,high,low,7,namesilo,,,24/09/2026 13:59
be1897ad-397c-45f5-97a2-8377a2b2fb63,loyalty.video,available,14.99,36.49,high,low,7,namesilo,,,18/09/2026 10:32
fc559a19-4daa-4617-800b-c8659fa83855,unhurried.video,available,4.98,49.48,medium,low,9,namecheap,,,12/09/2026 12:39
d2260e15-e121-4567-ad6c-93a20ba3fc03,fungous.video,available,4.98,49.48,low,low,7,namecheap,,,18/08/2026 18:30
21d2adf7-37f6-4a72-ba80-986d037857dc,cive.video,available,14.99,36.49,medium,low,4,namesilo,,,18/09/2026 11:31
05809099-456c-40be-a4ad-c5b6956a19e7,cashiers.video,available,14.99,36.49,medium,low,8,namesilo,,,20/09/2026 14:34
0fef8498-061e-442d-9c39-a6f33fcff619,asphodelus.video,available,4.98,49.48,medium,low,10,namecheap,,,20/09/2026 15:09
da0b836b-0862-40df-9112-b84ff5fc6628,actuation.video,available,14.99,36.49,medium,low,9,namesilo,,,17/09/2026 05:23
a89fb332-d487-4e60-abfc-20e57d873156,overloaded.video,available,4.98,49.48,medium,low,10,namecheap,,,04/09/2026 20:54
f60ff748-7504-4c8c-a7bc-d575cb7b64b7,russian.video,premium,130,260,high,low,7,namecheap,,,27/09/2026 17:35
687e613b-103a-471b-9a22-2ced7c6b1669,elusive.video,available,4.98,49.48,medium,low,7,namecheap,,,08/08/2026 08:07
b9b13141-e97c-4b35-99d5-c1b2e8ae7529,ine.video,premium,78.54,78.54,medium,low,3,namesilo,,,28/09/2026 08:13
2845fdc2-d8fe-4544-a2c6-8dad4a2f5338,unforced.video,available,4.98,49.48,medium,low,8,namecheap,,,12/09/2026 05:40
e9b5ae77-c6ac-41ed-9e2b-39328071d4f6,positions.video,available,14.99,36.49,medium,low,9,namesilo,,,19/09/2026 00:35
cd0ed4f0-b3a3-423e-99cd-c5b80462c7f3,exchanging.video,available,4.98,49.48,medium,low,10,namecheap,,,20/09/2026 00:55
2e3a963b-cd49-45a4-b9b7-972a7c47c6e3,cutters.video,available,28.2,28.2,medium,low,7,cloudflare,,,01/10/2026 18:41
478746cf-06b8-409a-bc53-6b21ab0d1c54,satellite.video,premium,64.35,128.7,high,low,9,namecheap,,,09/09/2026 21:34
9e3329eb-e498-48e8-80a2-d5fc443b44ff,bonaparte.video,available,14.99,36.49,medium,low,9,namesilo,,,25/09/2026 00:27
b473e80d-fc0f-4dee-b48d-59968d32f3e7,waxing.video,available,4.98,49.48,high,low,6,namecheap,,,13/09/2026 08:44
c455d16f-02a1-4d36-8ea6-e9178c49b58b,adze.video,available,14.99,36.49,medium,low,4,namesilo,,,17/09/2026 12:02
955fa032-0dbb-4987-8a89-fa45c4d61b66,lobe.video,available,8.24,29.35,high,low,4,porkbun,,,29/09/2026 19:33
5c5aed75-0459-4fe6-8968-191173b61abd,elliptic.video,available,4.98,49.48,high,low,8,namecheap,,,15/08/2026 17:59
88484ad9-256d-438e-b23f-07b0578759ff,chute.video,available,19.99,55.99,medium,low,5,godaddy,,,01/10/2026 01:21
ca67a36a-9301-4cd1-8eb5-c1c039ee2c28,extendable.video,available,4.98,49.48,medium,low,10,namecheap,,,17/08/2026 18:59
440e2fdd-cc21-4998-a9c8-b12a499c75e5,columbia.video,premium,242,242,high,medium,8,namesilo,,,29/09/2026 06:57
d60db3f5-3214-4f0c-a13f-70be39c85950,absurdity.video,available,14.99,36.49,medium,low,9,namesilo,,,16/09/2026 18:39
b64f57b9-f1bf-4836-b8b6-9a01c1d23c2d,dummy.video,available,14.99,36.49,high,low,5,namesilo,,,24/09/2026 12:20
ba260d7c-56ea-44be-8817-7351c96bee49,smarmy.video,available,4.98,49.48,medium,low,6,namecheap,,,11/08/2026 11:46
75d9beb8-4d19-400d-846b-6f276932ffd6,appliances.video,premium,103.7,207.2,medium,low,10,spaceship,,,30/09/2026 14:41
704998bb-01b0-41bc-abf1-a32f6a0e2bc3,farming.video,available,4.98,49.48,high,low,7,namecheap,,,17/08/2026 22:33
29ac40e4-3e39-4c95-90b1-c20f363df9c8,deepest.video,available,14.99,,medium,low,7,name.com,,,
5b3ad47d-cb67-4062-a85d-62bfdfa6b94a,lombardy.video,available,13.5,,medium,low,8,unstoppable,,,28/09/2026 10:16
0e441793-6f4d-49b4-bcf3-c2e70484c56f,briefcase.video,available,4.34,29.18,high,low,9,spaceship,,,29/09/2026 04:11
9f610de3-ce2d-457e-b859-d7ef3ad5b261,overs.video,available,14.99,36.49,medium,low,5,namesilo,,,20/09/2026 10:07
e7f32cd7-4d11-44b6-b097-b7c2a69603ac,toady.video,available,4.98,49.48,medium,low,5,namecheap,,,20/09/2026 15:35
cb3a37c2-8c18-4b3f-843f-c66558307164,bryan.video,available,13.5,,high,low,5,unstoppable,,,29/09/2026 03:53
ced47285-4e01-4d70-94a7-adb1d2a145b0,connector.video,premium,39,78,high,low,9,namecheap,,,24/09/2026 17:23
d34cf9e1-8d5c-47dd-9792-00423cada657,betrothed.video,available,4.98,49.48,high,low,9,namecheap,,,09/08/2026 18:07
82c33881-c2ec-4485-967c-33b82f48ead4,attendee.video,available,14.99,36.49,high,low,8,namesilo,,,21/09/2026 01:26
0c0f5f23-7ff9-43a1-979f-76d960765128,receipt.video,available,28.2,28.2,high,low,7,cloudflare,,,30/09/2026 09:15
84295fea-8853-47da-85d5-7abaea749c10,jaffa.video,available,4.34,29.18,high,low,5,spaceship,,,29/09/2026 13:12
65d115dd-6532-472a-8518-951def128173,sorrows.video,available,8.24,29.35,low,low,7,porkbun,,,01/10/2026 16:36
ebdfa959-d11b-4d37-8612-7e42c31616a5,rewrite.video,available,14.99,36.49,high,low,7,namesilo,,,29/09/2026 13:47
51af270a-31b4-4ad3-be13-ddea7115b88f,roswell.video,available,14.99,36.49,medium,low,7,namesilo,,,28/09/2026 15:16
99996517-8a27-4c04-afff-045b3c1fbd8c,antilles.video,available,14.99,36.49,medium,low,8,namesilo,,,19/09/2026 14:37
040794ce-ad7c-46c7-8370-acd0c0fd7726,sodium.video,available,14.99,36.49,high,low,6,namesilo,,,20/09/2026 22:13
5bf579a2-da60-4950-9ad9-79e1722fef91,heir.video,available,14.99,36.49,high,low,4,namesilo,,,28/09/2026 14:24
f78895d4-18ed-46cf-af13-c6d4dc8eb5c7,alp.video,premium,78.54,78.54,high,low,3,namesilo,,,18/09/2026 13:29
6f940eff-6013-4e38-8dea-cfdf94780ab4,competitions.video,premium,51.43,102.67,medium,low,12,spaceship,,,01/10/2026 18:30
cffa5642-64e4-4585-9ce6-17b9d80339cf,rustproof.video,available,4.98,49.48,high,low,9,namecheap,,,09/09/2026 20:21
7035b07b-55e3-40b0-8bbf-ea1c850bdf83,express.video,premium,71.4,71.4,high,low,7,namesilo,,,24/09/2026 16:04
25dd2f62-c901-4952-8cb5-00b708110409,cherimoya.video,available,14.99,36.49,medium,low,9,namesilo,,,19/09/2026 10:32
fca33ca7-1edb-4c98-8e7f-94f324b0b581,kazakh.video,available,14.99,36.49,medium,low,6,namesilo,,,28/09/2026 14:39
e5e559e8-1483-42e3-9d4d-1813fa62c142,contacted.video,available,4.34,29.18,medium,low,9,spaceship,,,28/09/2026 00:26
8774fdd4-04f5-4927-a615-591b83270349,neale.video,available,13.5,,medium,low,5,unstoppable,,,29/09/2026 04:02
14a83a5e-57f6-4059-b3a9-fca4a6274ede,issus.video,available,14.99,36.49,medium,low,5,namesilo,,,22/09/2026 15:11
e0f95a61-91ad-4888-8a1d-eb6fa9b0949d,homewards.video,available,4.98,49.48,medium,low,9,namecheap,,,21/08/2026 11:24
d4a16426-891b-4234-bef2-f7f5e9271ecf,sexed.video,premium,130,260,medium,low,5,namecheap,,,10/09/2026 05:13
f1c2a5ba-0d02-4acb-9b6d-98f1fc2c7a9d,allotrope.video,available,14.99,36.49,medium,low,9,namesilo,,,18/09/2026 12:06
bf622ebe-a081-4efc-a3cf-092aa1f9e233,dentistry.video,premium,118.8,118.8,high,low,9,namesilo,,,24/09/2026 21:55
af6ddf8e-c07b-4261-96d2-6367a7d27b27,untraveled.video,available,4.98,49.48,medium,low,10,namecheap,,,12/09/2026 21:42
bce0fdd7-ffb5-467e-8d40-f75ce0c88ccc,fecal.video,available,4.98,49.48,medium,low,5,namecheap,,,17/08/2026 20:38
10f686a8-401f-4854-bc9f-f28bed08bac4,squall.video,available,14.99,36.49,medium,low,6,namesilo,,,29/09/2026 12:24
aa0cb5a9-e87f-45a1-a7c6-4b270b3a5e8e,defendable.video,available,4.98,49.48,high,low,10,namecheap,,,13/08/2026 23:09
45b75fbf-1837-4fbb-9e4b-a34939da3c92,namespace.video,available,4.34,29.18,high,low,9,spaceship,,,01/10/2026 22:53
d2031a36-126a-4619-a3a3-86abaa993939,effective.video,premium,78.54,78.54,high,low,9,namesilo,,,24/09/2026 13:31
092053ba-a5cc-40d5-8d37-faf082f6997c,chairmen.video,available,14.99,36.49,medium,low,8,namesilo,,,18/09/2026 22:56
4b8e4ad8-f21d-4a7c-92c3-c5ff6240a403,amplifying.video,available,14.99,36.49,medium,low,10,namesilo,,,17/09/2026 20:45
f8909aec-69d4-4ad4-80da-5ddb61d5b7e0,ddr.video,premium,51.43,102.67,high,low,3,spaceship,,,01/10/2026 23:51
cce51883-304f-45d4-90f6-bb112c90455e,nobelium.video,available,14.99,36.49,medium,low,8,namesilo,,,20/09/2026 21:58
29d7df61-4ee0-43c9-a456-d2fecdb4894b,differ.video,available,4.34,29.18,high,low,6,spaceship,,,28/09/2026 20:49
3b482a0f-e8ac-42a1-8b10-2d20f3219c1e,renee.video,available,4.98,49.48,medium,low,5,namecheap,,,28/09/2026 21:55
6d0eb1da-62bb-4ddf-80d7-aa97cd9ccf10,most.video,premium,242,242,high,low,4,namesilo,,,25/09/2026 21:48
382fc56e-af2a-48a5-af0c-a52d36315546,suburb.video,available,4.34,29.18,high,low,6,spaceship,,,30/09/2026 02:59
35f84bfe-e085-4c5b-ba40-dec19f856077,overfond.video,available,4.98,49.48,medium,low,8,namecheap,,,04/09/2026 20:35
72d6dcc4-86ec-414e-ac6e-891322b88bca,wilted.video,available,4.98,49.48,medium,low,6,namecheap,,,23/08/2026 13:24
babb4d47-1dfd-422a-88a1-f07d414af272,aves.video,available,14.99,36.49,medium,low,4,namesilo,,,21/09/2026 09:17
5e5ed503-9352-4129-9367-1370baa57a4f,risible.video,available,4.98,49.48,high,low,7,namecheap,,,12/08/2026 19:02
45daba3b-c1b5-48d7-9cf8-46169bcf48fa,quietly.video,available,4.98,49.48,high,low,7,namecheap,,,09/09/2026 08:49
b8b5a426-6a11-4e63-b1e9-8d1dbbbef67b,ranges.video,available,14.99,36.49,medium,low,6,namesilo,,,01/10/2026 15:26
d5e0b361-3545-450c-a2e0-554f13525e54,hasten.video,available,4.98,49.48,medium,low,6,namecheap,,,09/09/2026 19:47
0176ca3e-aaee-4ffa-b193-bc1e62b9ec80,baronet.video,available,4.98,49.48,high,low,7,namecheap,,,22/09/2026 07:28
c90c12e3-0d6e-4358-90cf-bb6d1d773f80,senator.video,available,14.99,36.49,high,low,7,namesilo,,,26/09/2026 00:17
3315a2fa-662e-4fd6-a00f-73d911896ac8,solid.video,premium,69.3,138.6,high,medium,5,namecheap,,,27/09/2026 17:59
f1b0a43f-34f0-4e10-ad1a-87ad41b22f16,medium.video,available,4.34,29.18,high,low,6,spaceship,,,30/09/2026 05:58
bcbbc812-304e-4f01-baed-b113c6d3f10f,csu.video,premium,36.32,72.57,medium,low,3,porkbun,,,29/09/2026 09:33
255d365c-d1ff-453b-ad06-1d21cb4ffcda,hardbound.video,available,4.98,49.48,medium,low,9,namecheap,,,21/08/2026 00:42
afc8c22a-526a-4a87-819b-08ca2cd5059d,neem.video,available,14.99,36.49,high,low,4,namesilo,,,20/09/2026 05:40
453fe0b5-e6c3-4bf3-b1d3-997faf37f207,presented.video,available,28.2,28.2,medium,low,9,cloudflare,,,28/09/2026 08:35
405c6fa8-5829-4320-8a3b-70443f358fda,leibniz.video,available,4.34,29.18,medium,low,7,spaceship,,,29/09/2026 01:06
a34cb406-71a1-4b20-9cb0-6df1d4723405,lao.video,premium,42.9,85.8,high,low,3,namecheap,,,22/08/2026 19:34
dd9a0ed0-5670-485a-917d-d85dac29273b,shells.video,available,14.99,36.49,medium,low,6,namesilo,,,19/09/2026 01:23
01350493-b647-4355-9a73-59eaeed3622e,highland.video,available,4.98,49.48,high,low,8,namecheap,,,21/08/2026 09:16
8906535a-85a0-4f7d-8ed6-cacbd290e2e5,testate.video,available,4.98,49.48,medium,low,7,namecheap,,,11/09/2026 12:00
24b9c56e-8725-4d8b-97d7-bf1bc54fbbda,overladen.video,available,4.98,49.48,medium,low,9,namecheap,,,04/09/2026 20:51
79b41d3a-0b3e-4c81-8659-28821f0acfa3,incorporated.video,available,14.99,36.49,medium,low,12,namesilo,,,28/09/2026 22:28
3d56368f-e4a5-4a25-b2b5-d52f5ed96511,scranton.video,available,14.99,36.49,medium,low,8,namesilo,,,26/09/2026 00:14
9ee6adc3-7960-4367-84b1-0c8ef07cc8ba,hated.video,available,4.98,49.48,medium,low,5,namecheap,,,14/08/2026 04:14
8721bf3f-d4c6-485c-baaa-bbb57d7980e5,production.video,premium,1625,3250,high,low,10,namecheap,,,19/09/2026 18:56
ca7af9b0-f13f-4162-8a83-75fe3b150ba1,trait.video,available,4.34,29.18,high,low,5,spaceship,,,29/09/2026 08:15
b635fb1b-c07f-4e6c-97be-3be5d8e3fe02,absolutism.video,available,4.98,49.48,medium,low,10,namecheap,,,16/09/2026 18:00
288f22c4-fdba-497d-8727-fcf5c43f7bde,goonie.video,available,14.99,36.49,medium,low,6,namesilo,,,23/09/2026 23:45
4363ef8a-be70-41fb-a122-d1926f90402d,landowner.video,available,14.99,36.49,high,low,9,namesilo,,,01/10/2026 02:50
6d15f8e4-d651-4a6b-ba44-3278da904d40,promotes.video,available,4.98,49.48,medium,low,8,namecheap,,,16/09/2026 11:54
ffd97098-9ca6-4aae-80cd-ae23ab408565,module.video,available,13.5,,high,low,6,unstoppable,,,28/09/2026 19:09
d525a6c5-2eec-4a00-a35c-d382f2b0e9e1,formally.video,available,4.98,49.48,medium,low,8,namecheap,,,14/09/2026 19:42
562636c1-8bda-4212-b65d-e9be0a139bf7,kantian.video,available,4.98,49.48,medium,low,7,namecheap,,,22/08/2026 15:06
e7c31ad7-7cbd-40ff-b173-55eeef10c7a6,horned.video,available,4.98,49.48,medium,low,6,namecheap,,,21/08/2026 14:04
c76a2d73-0dc4-4031-909a-ed870de6a224,melancholy.video,available,4.98,49.48,high,low,10,namecheap,,,25/09/2026 19:05
e9093f93-c48e-40c5-9cf9-0a9cb8f6d172,bamako.video,available,14.99,36.49,medium,low,6,namesilo,,,22/09/2026 00:34
11996f7f-7728-4cc3-ad62-82d4d8cecb8f,cyanobacteria.video,available,4.34,29.18,medium,low,13,spaceship,,,02/10/2026 02:08
bbf189dd-f6b9-43b3-b206-a8cb462eb3ba,bearberry.video,available,14.99,52.99,medium,low,9,name.com,,,22/09/2026 20:57
8f7ddfb8-5695-40a4-9f84-5b499b7d0065,wildfire.video,available,14.99,36.49,high,low,8,namesilo,,,01/10/2026 04:06
f105b03b-10a8-4829-98bf-5424e2516f8f,timelines.video,available,4.34,29.18,medium,low,9,spaceship,,,02/10/2026 03:51
913bb891-aaa3-42b5-8487-767561a11d6d,roomily.video,available,4.98,49.48,medium,low,7,namecheap,,,16/09/2026 00:01
60a58bf4-6227-4d63-b670-b86937481061,airtight.video,available,4.98,49.48,high,low,8,namecheap,,,
81f49e25-38a4-4901-9d32-ff3c51ce2e4d,brookline.video,available,14.99,36.49,medium,low,9,namesilo,,,29/09/2026 10:05
015a6c39-bd4a-45c9-a08d-20a3ee6f26f2,spd.video,premium,34.36,68.51,high,low,3,spaceship,,,28/09/2026 03:51
dfedfc50-7a3c-4e8d-933b-73f04dead247,usa.video,premium,280,560,high,medium,3,namecheap,,,28/09/2026 20:55
e61f117b-8d53-419b-ab41-9b13612aba74,nixon.video,available,4.34,29.18,high,low,5,spaceship,,,28/09/2026 10:34
07ad1cfd-af10-4b92-b364-3adf3fbc9262,circuitry.video,available,14.99,36.49,high,low,9,namesilo,,,02/10/2026 05:43
f2f495d5-023f-4b33-8ea3-4446e4aadde1,grandpa.video,premium,64.35,128.7,high,low,7,namecheap,,,29/09/2026 21:12
cb1572d2-2930-40b8-b714-ec66bb392e40,slave.video,available,28.2,28.2,high,low,5,cloudflare,,,29/09/2026 22:14
2638f36f-bdf3-4c45-97a5-c2fac996d498,unsexy.video,available,4.98,49.48,medium,low,6,namecheap,,,12/09/2026 19:23
a8b7ce9d-327f-4858-95a2-b1dbfd0d7539,satisfies.video,available,14.99,36.49,medium,low,9,namesilo,,,20/09/2026 14:54
f50e3378-4db6-4d80-83b1-e72a2924053c,assent.video,available,14.99,36.49,high,low,6,namesilo,,,20/09/2026 16:09
2dcfaf26-12ee-4cad-876e-640ad4416bae,fetish.video,premium,,,high,low,6,,,,01/10/2026 02:09
223f8248-0893-4f08-a34a-902be056a387,ampul.video,available,14.99,36.49,medium,low,5,namesilo,,,18/09/2026 23:49
1d5be63f-f037-4a05-9ebc-6504a5442279,alphabets.video,available,8.24,29.35,medium,low,9,porkbun,,,01/10/2026 00:06
3240f52c-1b6a-4274-b7a5-5eddb15c3310,purgatory.video,available,28.2,28.2,medium,low,9,cloudflare,,,01/10/2026 21:24
da2eafde-bf79-46d9-9bb5-f58dbf9e555e,favourite.video,premium,250,250,high,low,9,name.com,,,13/08/2026 18:17
a9380752-e2fe-4fed-8848-31492ebea033,christy.video,available,28.2,28.2,high,low,7,cloudflare,,,29/09/2026 21:38
fdd22dcf-818e-4645-8c80-e0e405520702,betting.video,premium,39,78,high,low,7,namecheap,,,09/08/2026 18:14
323bfadb-0def-4d44-9e2e-b188178130c1,razorbill.video,available,14.99,36.49,medium,low,9,namesilo,,,18/09/2026 03:39
f228e3da-3da9-46b4-98c4-41371683ebd3,unsized.video,available,4.98,49.48,low,low,7,namecheap,,,12/09/2026 20:00
c8c03546-7edc-478e-afb7-e488eabc2593,xcii.video,available,4.98,49.48,medium,low,4,namecheap,,,
f4d7560c-6587-4a99-89a8-d293775b98c0,amniotic.video,available,4.98,49.48,medium,low,8,namecheap,,,
f0475b95-5c53-4904-a91f-98c863c1ee7f,scrambled.video,available,4.98,49.48,high,low,9,namecheap,,,09/09/2026 23:46
8f723f73-0e68-4cf7-980c-16d49c936964,gratuity.video,available,14.99,36.49,high,low,8,namesilo,,,21/09/2026 15:50
42f2b0d2-cf5e-4f99-8698-3b8cf1a6a863,badinage.video,available,4.98,49.48,medium,low,8,namecheap,,,21/09/2026 17:13
69fb45b9-571d-47b5-8531-76bf7486d935,dunstan.video,available,14.99,36.49,medium,low,7,namesilo,,,02/10/2026 00:24
bcebbfd7-a91a-4305-b387-a51dfdf3b6c3,jansen.video,available,13.5,,medium,low,6,unstoppable,,,28/09/2026 18:46
79a4653a-8631-43b5-a18a-8bee53bdab59,awing.video,available,4.98,49.48,medium,low,5,namecheap,,,08/08/2026 00:34
cf7ef8ff-3f5b-4a50-9d87-828f7bc80281,rupture.video,available,4.98,49.48,high,low,7,namecheap,,,29/09/2026 12:14
5e194e4c-c272-4c23-82cf-f5f84cbf5156,wald.video,available,4.34,29.18,high,low,4,spaceship,,,29/09/2026 21:04
57989abf-711b-4743-9fd3-12472422b9c3,thames.video,available,28.2,28.2,high,low,6,cloudflare,,,01/10/2026 03:33
e89948cf-3a9d-4d22-b552-61f289264f3d,tiresome.video,available,4.98,49.48,medium,low,8,namecheap,,,10/08/2026 20:03
c96b8987-ccf3-443d-8097-ff2bc88c4fec,tumescent.video,available,4.98,49.48,medium,low,9,namecheap,,,22/08/2026 08:52
0436ae42-ef83-4ba9-a348-5f55cfef396a,illegitimate.video,available,4.34,29.18,medium,low,12,spaceship,,,30/09/2026 03:36
2902483d-cc7e-4e65-81f2-27981ef04a14,aconcagua.video,available,14.99,36.49,medium,low,9,namesilo,,,17/09/2026 02:04
c2dc96e5-c153-464f-89b0-d9119000b05f,prisms.video,available,14.99,36.49,medium,low,6,namesilo,,,21/09/2026 00:27
5e86b9c9-dad1-4d9c-856a-4526fd7c00ed,powhatan.video,available,4.98,49.48,high,low,8,namecheap,,,01/10/2026 03:20
4b7282b5-2c2b-41b1-a3de-1e49976c10a5,proust.video,available,8.24,30.18,medium,low,6,dynadot,,,30/09/2026 17:59
83abd90c-0c23-4ea6-a62c-b958937da326,murky.video,available,4.98,49.48,medium,low,5,namecheap,,,25/08/2026 01:08
12fbeae2-5b13-47b1-a3c0-899df1a51748,curtiss.video,available,14.99,36.49,high,low,7,namesilo,,,27/09/2026 12:50
e4c92436-69e2-4bbf-b458-d9987feb4056,respectful.video,available,14.99,36.49,high,low,10,namesilo,,,27/09/2026 12:44
bdd78d3f-5680-4441-af91-ac074902cc29,transforming.video,available,14.99,36.49,high,low,12,namesilo,,,29/09/2026 23:19
2c0f76b3-4194-432e-b63e-30e88a9f2789,askance.video,available,4.98,49.48,medium,low,7,namecheap,,,07/08/2026 02:56
0864db41-b228-4a36-96dc-e0ba37c6ef74,nasir.video,available,14.99,36.49,medium,low,5,namesilo,,,30/09/2026 13:54
878d37f4-e9f2-42c4-84f0-4e0f52f74565,ubs.video,premium,66.5,,high,medium,3,unstoppable,,,02/10/2026 00:21
165029ce-3e5f-41b3-b0e4-8db0adca738c,coach.video,resell,,,high,medium,5,Squarespace Domains II LLC,04/03/2021 09:30,04/03/2027 09:30,28/09/2026 23:29
366d92f6-1186-4093-8252-9bbd04b274f2,empowering.video,available,4.34,29.18,high,low,10,spaceship,,,02/10/2026 01:02
26165ef9-47dd-471e-ba02-868e20f7d1e5,cleric.video,available,4.98,49.48,high,low,6,namecheap,,,14/08/2026 23:27
529f632b-107d-404c-9d94-55be55dec47a,badges.video,available,4.34,29.18,medium,low,6,spaceship,,,29/09/2026 17:33
4c197368-3dd9-422a-a7ff-63ef47823da2,pondered.video,available,14.99,36.49,medium,low,8,namesilo,,,18/09/2026 02:08
8ec95917-4ec5-44d6-a1e2-d89ef747f6b5,implementing.video,available,14.99,36.49,medium,low,12,namesilo,,,01/10/2026 16:36
0d9dcf5b-8bca-4237-8e13-475ab91f7282,aneroid.video,available,4.98,49.48,medium,low,7,namecheap,,,
0dab128a-34cb-4035-83e8-d3a3c7ad3435,lovingness.video,available,4.98,49.48,high,low,10,namecheap,,,11/08/2026 19:18
16130b53-999c-486d-8676-3d3002821160,nonhuman.video,available,4.98,49.48,medium,low,8,namecheap,,,03/09/2026 19:22
4f24b8a8-459e-4bd1-a075-6a98a22d8d7d,kurosawa.video,available,14.99,36.49,high,low,8,namesilo,,,18/09/2026 00:08
f23666fe-485b-490b-a114-d09672989879,torrey.video,available,14.99,36.49,medium,low,6,namesilo,,,29/09/2026 09:58
2ba66519-1eaf-4332-a47e-87e49a860c1f,unskilled.video,available,4.98,49.48,medium,low,9,namecheap,,,
7a2f499c-7974-4ab3-aa79-a7c785f7ea25,fungoid.video,available,4.98,49.48,medium,low,7,namecheap,,,18/08/2026 18:37
0feaffd7-dcac-43b9-aebc-5e608d1bffd6,theropod.video,available,4.98,49.48,medium,low,8,namecheap,,,23/09/2026 19:39
601d2c72-be9e-4bce-8e35-35a594abcb09,concurrent.video,available,4.98,49.48,high,low,10,namecheap,,,12/08/2026 13:22
a5020b16-a3b8-459a-a906-a8ef1f9675cf,occurring.video,available,14.99,36.49,high,low,9,namesilo,,,01/10/2026 19:44
1601c777-608d-4771-b692-d401945c915b,scruples.video,available,4.98,49.48,high,low,8,namecheap,,,24/09/2026 17:26
dd12b425-cb7d-49fe-a3a2-92cee05c6363,grump.video,available,4.98,49.48,medium,low,5,namecheap,,,13/08/2026 04:58
6c01111f-b39e-4a91-b7eb-2df886ec7456,holiday.video,premium,1293.95,2587.7,high,low,7,spaceship,,,29/09/2026 22:56
f3fdf4b0-d69c-4534-a073-1e734a4e4639,philosophy.video,premium,51.43,102.67,high,low,10,spaceship,,,27/09/2026 13:03
b23c98af-d02f-413a-aca6-b5b0f33b2503,impala.video,available,14.99,36.49,medium,low,6,namesilo,,,17/09/2026 12:44
bcf34080-7eb1-4954-8466-fa7b078f06c7,eloquently.video,available,4.98,49.48,medium,low,10,namecheap,,,13/09/2026 20:54
9a048324-9f7c-4abd-a33e-fdaea9edb600,steamed.video,available,4.98,49.48,high,low,7,namecheap,,,
c68fc864-80c7-49eb-8af7-1d47a298cee4,sonoran.video,available,8.24,29.35,high,low,7,porkbun,,,01/10/2026 23:36
ff129bd6-c537-4004-ab9a-27c55373ad88,kilometers.video,available,4.34,29.18,medium,low,10,spaceship,,,28/09/2026 23:06
d18ec295-3aa1-4b5c-a51d-bbd0111a9d75,exclude.video,available,14.99,52.99,high,low,7,name.com,,,22/09/2026 03:43
06da0430-3c7c-4abc-a148-f325b9685388,balochi.video,available,4.98,49.48,medium,low,7,namecheap,,,21/09/2026 23:40
2cc09c74-1814-4698-bd9a-4ad358a8da13,gallen.video,available,28.2,28.2,medium,low,6,cloudflare,,,01/10/2026 07:14
37ce3504-c55c-405d-8e50-392372df493b,measured.video,available,4.98,49.48,high,low,8,namecheap,,,11/08/2026 13:59
30b7af02-e7ab-4923-9cb3-948ab9b49fab,forehead.video,available,8.24,29.35,high,low,8,porkbun,,,29/09/2026 04:37
1ea8ef0b-320c-4fa6-a83c-9e1c14dc2466,spareribs.video,available,14.99,36.49,high,low,9,namesilo,,,22/09/2026 04:41
cabc0f5e-9754-4750-bfae-d585909d0e65,grumpy.video,available,4.98,49.48,medium,low,6,namecheap,,,08/08/2026 07:57
3f05b33a-ae15-43f2-8010-793bc5ab20ba,slash.video,resell,,,high,low,5,,,,29/09/2026 07:02
a30a3e17-a48a-4048-ab0f-c0a71c5b95ea,nps.video,premium,,,high,low,3,,,,28/09/2026 16:21
ee523b92-772e-4f05-9268-7470fecc92c9,unforeseen.video,available,4.98,49.48,high,low,10,namecheap,,,04/09/2026 18:50
45d7e03c-8740-41af-aa3c-fc652def33dd,perceive.video,available,14.99,36.49,high,low,8,namesilo,,,29/09/2026 20:45
8717652d-f87f-447b-9988-f366eaa06ddd,locally.video,available,14.99,36.49,medium,low,7,namesilo,,,28/09/2026 16:11
4c0c8a53-338e-42eb-b9f0-dfc9b06be17a,tuba.video,available,14.99,36.49,high,low,4,namesilo,,,22/09/2026 11:52
bf695adc-1276-45ca-af2e-7fa482a5509a,springless.video,available,4.98,49.48,low,low,10,namecheap,,,10/09/2026 16:51
d6f9562b-2e6f-4493-aca6-ffc88cd652cf,maximum.video,premium,64.35,128.7,high,low,7,namecheap,,,25/09/2026 18:14
c9351d90-658c-4aca-933e-7fbd1722d947,eiffel.video,available,14.99,36.49,medium,low,6,namesilo,,,18/09/2026 05:59
27d4fd18-ef3b-4fcd-bd89-8bfa7e95a984,rotated.video,available,14.99,36.49,medium,low,7,namesilo,,,27/09/2026 14:36
8d8b9a09-520c-453f-8cda-ad6df5a92f88,jiffy.video,available,4.98,49.48,high,low,5,namecheap,,,22/08/2026 07:30
433059ac-89f1-4826-82f9-10cece7d25eb,germy.video,available,4.98,49.48,medium,low,5,namecheap,,,18/08/2026 22:53
244833b6-a399-403d-84aa-2c8eb69f7a86,indicator.video,available,4.34,29.18,high,low,9,spaceship,,,29/09/2026 19:19
b8fbd10c-a325-49ad-875f-442453795eed,debonair.video,available,4.98,49.48,high,low,8,namecheap,,,12/08/2026 05:58
46740262-f25f-4c6c-b204-4846d5e3dee3,beria.video,available,14.99,36.49,medium,low,5,namesilo,,,23/09/2026 09:22
e9e642cd-f626-4499-9c57-c09f18e4b46f,monitored.video,available,4.34,29.18,medium,low,9,spaceship,,,29/09/2026 10:56
9b38c1da-b8e8-4a16-a2b8-f8c063c06d16,buzz.video,premium,1625,3250,high,low,4,namecheap,,,25/09/2026 00:26
9168aff7-6d84-4775-b210-975656f415a6,ticking.video,available,4.98,49.48,high,low,7,namecheap,,,30/09/2026 13:16
1f2ba77b-5fef-4936-aada-16cc057bc9cd,lcs.video,premium,34.36,68.51,high,low,3,spaceship,,,01/10/2026 23:52
3a158a23-a775-48b2-83e9-a82da3f8aad2,flashes.video,available,4.34,29.18,medium,low,7,spaceship,,,29/09/2026 10:47
ce9da776-c0df-4745-a4cd-903ebe15b880,adherence.video,available,14.99,36.49,high,low,9,namesilo,,,17/09/2026 07:58
7c5432df-db27-4e87-ba8b-e408c95ee7b5,obstructed.video,available,4.98,49.48,medium,low,10,namecheap,,,04/09/2026 00:05
cacf63d3-76c4-4b89-b4a6-b7f90b38947f,czechoslovakia.video,available,14.99,,medium,low,14,name.com,,,
55bd71a6-3714-42c9-b1d9-3fe9650e50b1,roomy.video,available,14.99,36.49,high,low,5,namesilo,,,27/09/2026 16:14
1337384f-53f8-43ad-a65d-ae3a39e1e1d6,hearn.video,available,4.34,29.18,high,low,5,spaceship,,,29/09/2026 15:40
51bbca17-3e0b-4f4c-bef2-f3d03fa1abe3,others.video,available,4.98,49.48,high,low,6,namecheap,,,25/09/2026 16:48
d9095fcd-976d-4406-af9d-d8913b6dde8a,doughnut.video,available,14.99,36.49,medium,low,8,namesilo,,,30/09/2026 14:25
22abf833-fd5a-4654-896f-10b42a254bf4,antitoxin.video,available,14.99,36.49,medium,low,9,namesilo,,,19/09/2026 15:12
018e6cd1-9d8e-4847-a216-49d0f064159d,exulting.video,available,4.98,49.48,high,low,8,namecheap,,,17/08/2026 19:44
3ef2de19-dcf7-4ef7-89b3-9c3cf769fbc9,yamaha.video,available,14.99,36.49,high,low,6,namesilo,,,29/09/2026 03:39
78d55267-8263-400c-937b-223871cbf350,mbd.video,premium,64.35,128.7,medium,low,3,namecheap,,,17/09/2026 06:35
89d81702-1314-40d1-b091-8fc13ac6d29f,compliance.video,available,13.5,,high,low,10,unstoppable,,,01/10/2026 16:36
d46a905f-c945-4ae5-97fb-e8f426d62925,europe.video,premium,51.43,102.67,high,medium,6,spaceship,,,29/09/2026 10:27
616f7d0b-2067-4e03-92b6-b527010539e1,chum.video,available,4.34,29.18,high,low,4,spaceship,,,01/10/2026 01:13
7ed401c8-b810-4c7a-b0fd-b7076ed38355,fright.video,available,14.99,36.49,medium,low,6,namesilo,,,17/09/2026 14:50
e4a5cca3-adc4-41aa-aa9b-3d3cb4422683,squadron.video,available,28.2,28.2,high,low,8,cloudflare,,,29/09/2026 08:06
c8880cb9-cd71-4eac-804d-b93e61d5cf6e,lowbrow.video,available,4.98,49.48,medium,low,7,namecheap,,,
114c28b8-4f08-4245-9b0e-e4c98e0f1633,urinary.video,available,4.98,49.48,medium,low,7,namecheap,,,12/09/2026 23:44
8350fe10-7efb-412c-9830-d431e4dfca79,bassine.video,available,14.99,36.49,medium,low,7,namesilo,,,22/09/2026 12:22
1728e089-8f74-4d0e-83b1-57a0168bb6c4,chance.video,available,4.98,49.48,high,low,6,namecheap,,,23/09/2026 13:44
b93f0982-71ee-42ab-b646-d1da009638c1,stuff.video,premium,130,260,high,low,5,namecheap,,,25/09/2026 17:52
c2cb21af-9986-4282-b5dd-047128aec556,abrasive.video,available,4.98,49.48,high,low,8,namecheap,,,
d8e13b08-9a46-486b-8753-33e6ded73bb4,reputed.video,available,13.5,,high,low,7,unstoppable,,,01/10/2026 06:05
2257d14c-1ec8-4bc1-a8fe-9d093a6275e1,lava.video,resell,,,high,low,4,"Spaceship, Inc.",03/03/2026 17:02,03/03/2027 17:02,30/09/2026 02:19
5363d4da-6ee4-4d9e-b5ed-d745ef02fd3e,vehicle.video,premium,51.43,102.67,high,low,7,spaceship,,,28/09/2026 07:36
fada9dfe-91f6-4800-8871-355a5a7c0dc3,little.video,premium,130,260,high,low,6,namecheap,,,24/09/2026 17:48
04b47d02-bf49-4394-8b14-989d8ad798f6,socorro.video,available,14.99,36.49,medium,low,7,namesilo,,,30/09/2026 21:57
e21167ea-6475-4553-a6bb-14fffdec8a0b,sinuate.video,available,4.98,49.48,high,low,7,namecheap,,,10/09/2026 08:36
9fa145aa-797b-49a1-81c6-cf0f68cc6b08,practitioners.video,available,14.99,36.49,medium,low,13,namesilo,,,20/09/2026 23:01
d1f403b9-6184-4c3a-bdf4-35e0a2cc4fce,cochrane.video,available,14.99,36.49,medium,low,8,namesilo,,,27/09/2026 01:53
de90227c-00b5-4d4c-8322-c21a5772d792,guidance.video,available,8.24,29.35,high,low,8,porkbun,,,01/10/2026 17:31
386fb82d-88f9-42e1-b318-ca564a91743c,attraction.video,available,28.2,28.2,high,low,10,cloudflare,,,28/09/2026 23:11
4998037e-868e-43e2-90e0-1b6dbc0c1f58,measles.video,available,4.34,29.18,high,low,7,spaceship,,,30/09/2026 04:11
c0904282-020b-49bd-83fe-993ad8840de9,aunty.video,available,14.99,52.99,high,low,5,name.com,,,21/09/2026 04:13
259c5e32-a655-45cb-a693-97b40f42dc51,unequaled.video,available,4.98,49.48,high,low,9,namecheap,,,12/09/2026 09:09
9d90732a-7f31-4651-a93c-c909c5ea1c36,supportive.video,available,19.99,55.99,high,low,10,godaddy,,,28/09/2026 02:03
d0f7fdd5-41a1-4efb-ba6b-71d3ca8c795f,brookings.video,available,8.24,30.18,medium,low,9,dynadot,,,28/09/2026 16:41
94efc430-8eb5-46d8-b456-d211b7bd5cdc,cooking.video,premium,3450,3450,high,low,7,namesilo,,,01/10/2026 16:09
d9c75f5f-1e0d-400d-a590-a7f9e549d7d9,consultant.video,available,4.34,29.18,high,low,10,spaceship,,,28/09/2026 19:05
e9078ba2-fbe1-4449-bc6c-3e350bec6a8e,slowing.video,available,14.99,36.49,medium,low,7,namesilo,,,29/09/2026 06:36
64d82c45-ad22-49f1-91e3-3a2cb5ed81bc,repercussions.video,available,14.99,36.49,low,low,13,namesilo,,,02/10/2026 03:41
2a868f12-c4e2-4cc9-bc0a-864e24d1aa5b,goosy.video,available,4.98,49.48,medium,low,5,namecheap,,,14/08/2026 16:07
935704f9-761b-45a9-8da3-6fc52d803794,permanent.video,available,4.98,49.48,high,low,9,namecheap,,,22/08/2026 20:24
234e9433-7406-4a16-bed3-3cb0bd13233e,leukemia.video,available,14.99,36.49,medium,low,8,namesilo,,,24/09/2026 11:59
45c7eba8-295a-4469-a7b8-aefc3eed200e,parliamentary.video,available,8.24,29.35,medium,low,13,porkbun,,,01/10/2026 06:10
18a11c78-8dfa-4ae8-9f8d-b878a6db8030,allograph.video,available,4.98,49.48,medium,low,9,namecheap,,,18/09/2026 11:54
b1c8552f-227c-437b-acce-477e05276374,distinctly.video,available,4.98,49.48,medium,low,10,namecheap,,,14/09/2026 13:19
6366f311-e4d4-4de1-b563-0b1da29a7f2b,lavinia.video,available,14.99,36.49,high,low,7,namesilo,,,30/09/2026 05:09
11de11a8-8806-4f0f-97c0-a03996883177,numberless.video,available,4.98,49.48,high,low,10,namecheap,,,13/08/2026 03:42
a74f69bc-05ae-4a9e-9aac-83f7f0bd0f82,anthozoa.video,available,14.99,36.49,medium,low,8,namesilo,,,17/09/2026 05:01
51948635-de40-4b02-8791-8573bbd95579,viruses.video,available,4.34,29.18,medium,low,7,spaceship,,,30/09/2026 06:37
5e814212-2617-4884-ac38-e54e8c0859c0,silkily.video,available,4.98,49.48,medium,low,7,namecheap,,,16/09/2026 01:51
dc8d24f5-9137-4ee9-bdf4-fac3b75937e1,screamed.video,available,4.34,29.18,low,low,8,spaceship,,,30/09/2026 07:12
05d5136c-207a-4b84-8ab8-40dff34efc6c,writers.video,available,4.34,29.18,high,low,7,spaceship,,,28/09/2026 04:38
03e092dc-bc90-4626-a4b3-e8dec60552ff,aperitif.video,available,14.99,36.49,high,low,8,namesilo,,,19/09/2026 16:32
a1d0c230-53bd-4e21-9a90-c233190ccec5,dolt.video,available,4.98,49.48,medium,low,4,namecheap,,,10/09/2026 23:09
a97f797d-d6a2-4f9d-9ac2-8d5814a77c35,seas.video,available,4.98,49.48,medium,low,4,namecheap,,,
1b7149e1-3803-4f10-8a94-77ab97f79184,unsleeping.video,available,4.98,49.48,medium,low,10,namecheap,,,12/09/2026 20:02
d5c448ff-c895-4ce4-88df-c5e2568ed4bd,lentils.video,available,14.99,36.49,medium,low,7,namesilo,,,21/09/2026 05:31
304597e1-4a94-482d-9bd6-ada2458161a5,statutory.video,available,4.98,49.48,medium,low,9,namecheap,,,10/09/2026 19:20
4ffca89e-fe20-49e8-878f-a0d1dabc4f19,rending.video,available,4.98,49.48,medium,low,7,namecheap,,,09/09/2026 13:57
45d0bc92-da74-497d-8091-e784b18eb2e5,gaunt.video,available,4.98,49.48,medium,low,5,namecheap,,,10/08/2026 18:54
1c594474-b80d-4b1d-950e-410a10682082,mick.video,available,14.99,36.49,high,low,4,namesilo,,,28/09/2026 02:25
4a15b177-ac0a-4849-9c64-472cb453bfe1,aziz.video,available,28.2,28.2,high,low,4,cloudflare,,,28/09/2026 07:37
64327ffd-fc41-4215-8486-9e0ea7b50d71,riant.video,available,4.98,49.48,medium,low,5,namecheap,,,22/08/2026 20:55
4ff5f6e5-d0f7-4718-976d-55ea01c59f5f,feeler.video,available,14.99,36.49,medium,low,6,namesilo,,,22/09/2026 04:48
549b1451-626c-4b8a-9c3a-4163845f2193,stygian.video,available,4.98,49.48,medium,low,7,namecheap,,,
aaafbe1c-cd98-4617-8661-5723f42befb4,ellicott.video,available,14.99,36.49,medium,low,8,namesilo,,,01/10/2026 12:35
5b35242b-8e4c-421a-924b-ff203a077a21,killing.video,available,4.98,49.48,medium,low,7,namecheap,,,22/08/2026 15:57
6173d395-fe18-445d-9d65-3b8974dca610,audiometer.video,available,14.99,36.49,medium,low,10,namesilo,,,21/09/2026 02:58
28c3c0d1-886d-4a70-865e-3abe89c687ec,musts.video,available,14.99,36.49,medium,low,5,namesilo,,,19/09/2026 21:45
8b86780c-42ec-4ec2-8509-64d9480a0d79,selfworth.video,available,13.5,,high,low,10,unstoppable,,,29/09/2026 14:57
90159625-9f8a-4969-95fe-87858f4c0b0a,abby.video,available,4.98,49.48,high,low,4,namecheap,,,27/09/2026 07:09
6c7f9638-21ef-45fc-b96d-b2d360d23ac4,strut.video,available,4.98,49.48,high,low,5,namecheap,,,11/09/2026 05:11
6bf73af1-4acd-4010-bd80-09c1fce302b3,montreal.video,premium,103.7,207.2,high,low,8,spaceship,,,30/09/2026 05:13
369cd50e-296b-41bb-a49d-29258b294559,nafta.video,available,28.2,28.2,medium,low,5,cloudflare,,,29/09/2026 07:38
50a65f58-5508-4cba-a805-5defb3272593,katherine.video,available,13.5,,high,low,9,unstoppable,,,28/09/2026 03:49
3b45efe7-392c-4226-95f6-1ce03c63c2ab,arrange.video,available,14.99,36.49,high,low,7,namesilo,,,25/09/2026 22:15
f6a8480b-7d25-4e8b-b094-b87aa12100cb,terrifying.video,available,4.34,29.18,medium,low,10,spaceship,,,28/09/2026 02:19
df1b5c67-6693-4f04-b37e-1089d0949bcd,consecrate.video,available,4.98,49.48,high,low,10,namecheap,,,12/08/2026 22:25
39bd36dd-4459-4206-a085-9606f555fdaa,grim.video,available,4.98,49.48,medium,low,4,namecheap,,,14/08/2026 11:41
058b9358-d510-4ed8-a299-6a5cfb243c5b,solicit.video,available,14.99,36.49,high,low,7,namesilo,,,27/09/2026 16:11
7ec1ce51-4b5a-45d7-b704-4a7cf625349b,polynesian.video,available,4.98,49.48,high,low,10,namecheap,,,24/08/2026 13:48
3111bd9b-4e6b-4083-a74e-e7f7118aba9f,knocked.video,available,14.99,36.49,low,low,7,namesilo,,,25/09/2026 18:45
53364129-874b-4b78-ad64-e72d3292a467,gregarious.video,available,4.98,49.48,high,low,10,namecheap,,,20/08/2026 19:56
4d397146-006a-4e5d-ba57-cd01e9727742,grandmother.video,available,4.98,49.48,high,low,11,namecheap,,,30/09/2026 22:07
20da3ffa-c3bd-4904-872d-b6db284e465f,neill.video,available,13.5,,medium,low,5,unstoppable,,,28/09/2026 23:29
571d5eb4-335f-4d58-9e3a-d87e08784778,decent.video,premium,39,78,high,low,6,namecheap,,,09/08/2026 06:17
ee7235ee-35e0-4641-9555-51f30b8ed6b4,zealand.video,available,28.2,28.2,medium,low,7,cloudflare,,,29/09/2026 02:11
eaa6291b-a20c-4ef9-b3e5-e0100d694c07,rigil.video,available,4.98,49.48,medium,low,5,namecheap,,,18/09/2026 13:35
a5957e3b-0d08-4002-8ee9-a9c5c23190c5,quite.video,available,8.24,29.35,high,low,5,porkbun,,,28/09/2026 16:35
871f8e38-d021-4d92-baf6-447913f43f68,priesthood.video,available,14.99,36.49,high,low,10,namesilo,,,30/09/2026 10:54
80eeddb6-d1b9-4012-9629-207e2cb25d5d,coins.video,resell,,,high,medium,5,"DNSPod, Inc.",02/05/2019 03:41,02/05/2030 03:41,26/09/2026 05:06
adeb7fa5-3e4a-4b44-a8b5-0395752dc89c,shouter.video,available,4.98,49.48,medium,low,7,namecheap,,,22/09/2026 17:05
f70ad0aa-8f5b-47bb-974a-8ada7fdc34e6,explaining.video,available,8.24,30.18,high,low,10,dynadot,,,27/09/2026 22:18
1d89410f-2847-4160-be4b-ff30a768c2db,armin.video,available,4.98,49.48,high,low,5,namecheap,,,20/09/2026 07:10
3a41f283-625d-4daa-909d-f9de1fb9cb31,dysphoric.video,available,4.98,49.48,medium,low,9,namecheap,,,14/08/2026 22:07
b7faaacd-2fa7-4b8a-95f0-3d9d6b67f96b,technique.video,available,4.98,49.48,high,low,9,namecheap,,,28/09/2026 08:09
853d77ca-35f2-4535-8d99-d11ce597064c,phoned.video,available,14.99,36.49,medium,low,6,namesilo,,,30/09/2026 00:38
0c02e922-98a3-4489-ae47-940df7edc906,straw.video,available,4.98,49.48,high,low,5,namecheap,,,10/09/2026 22:03
afafc06c-3c60-4fe4-8cc7-3abf314458d0,gleaming.video,available,4.98,49.48,high,low,8,namecheap,,,
e97f26ab-18d2-4baf-8374-e3d127e9d380,toni.video,available,14.99,36.49,high,low,4,namesilo,,,27/09/2026 07:46
b2bdb88f-c844-4519-a188-90abd50c15a4,slowness.video,available,14.99,36.49,medium,low,8,namesilo,,,28/09/2026 23:49
7558df27-eec7-4e6c-ba62-7673b8ea2fa8,syncretic.video,available,4.98,49.48,medium,low,9,namecheap,,,11/09/2026 06:21
aff7d25e-fba4-4ffd-a789-2f52b70b56d9,wolfish.video,available,4.98,49.48,medium,low,7,namecheap,,,15/08/2026 07:01
9c5eafa1-9943-441d-8c13-7f1883e67451,snapping.video,available,13.5,,high,low,8,unstoppable,,,01/10/2026 23:49
a947361a-c0fb-4672-a283-66e80507367f,eighties.video,available,14.99,36.49,high,low,8,namesilo,,,16/09/2026 12:00
48242c9b-8e3c-42a9-87e7-c7f764f1342f,dyke.video,available,4.98,49.48,medium,low,4,namecheap,,,11/08/2026 11:35
710cc42d-5123-4ca4-b891-be0dc458e3f4,che.video,premium,118.8,118.8,high,low,3,namesilo,,,29/09/2026 02:51
4df8c4ca-feaf-4eb8-a1ee-49b7b5b6126f,alsatian.video,available,4.98,49.48,medium,low,8,namecheap,,,
fe22d28f-8204-4960-b6bd-2b1166c44887,proverbs.video,available,4.98,49.48,high,low,8,namecheap,,,24/09/2026 07:04
8b847a62-056a-43e8-853e-99b310f94a13,rubbish.video,available,14.99,36.49,medium,low,7,namesilo,,,28/09/2026 09:24
3e27375a-23f1-4788-873e-2978ad8edd2e,multiplying.video,available,28.2,28.2,high,low,11,cloudflare,,,01/10/2026 06:06
9bd5f15f-1d44-4ac9-9334-897a9a9073ed,treasury.video,available,14.99,36.49,high,low,8,namesilo,,,24/09/2026 21:57
04aaa238-65a9-4741-8bba-663385afcf63,tangible.video,available,4.98,49.48,high,low,8,namecheap,,,05/09/2026 00:10
ba5ee2d7-e079-413d-9d0d-90bd8649781c,cockcrow.video,available,4.98,49.48,medium,low,8,namecheap,,,11/09/2026 02:11
41270476-6293-4cf1-849c-d5b19884531e,rosie.video,available,28.2,28.2,high,low,5,cloudflare,,,27/09/2026 19:47
3e28ccc1-ffb8-4461-bd87-38bddbe612ca,sayyid.video,available,4.34,29.18,medium,low,6,spaceship,,,30/09/2026 11:49
44a3eb37-30f4-4df4-86c0-62c1c74d49e5,castillo.video,available,4.34,29.18,medium,low,8,spaceship,,,01/10/2026 23:22
312d8b99-5821-4624-8c58-5c3e4c76234e,moistness.video,available,14.99,52.99,medium,low,9,name.com,,,13/08/2026 16:47
28855cd0-d5bf-42d6-a966-afe59a6a8f1f,dulles.video,available,4.34,29.18,medium,low,6,spaceship,,,28/09/2026 13:55
d54207f3-05a8-49ca-9883-bcd5f1bdf57d,platte.video,available,28.2,28.2,high,low,6,cloudflare,,,28/09/2026 02:56
a9071203-d794-4678-a4ae-96fd77fdf96f,plausibly.video,available,4.98,49.48,medium,low,9,namecheap,,,14/09/2026 09:28
6b67b3ed-755b-432c-ba60-fe15d23839a3,multipurpose.video,available,14.99,,medium,low,13,name.com,,,
7a624fbd-4414-4b74-a24c-84c5ff041f1c,festival.video,premium,242,242,high,low,8,namesilo,,,19/09/2026 17:31
bc8a4916-51b0-49d6-a2cc-baa1d8827142,associations.video,available,4.34,29.18,medium,low,12,spaceship,,,02/10/2026 02:38
60634bc9-9a61-4db8-a6ac-fec888e87b1e,arab.video,premium,130,260,high,low,4,namecheap,,,06/08/2026 11:10
b2dde7a5-4e6f-4800-a7d4-8c65bcbf2991,exilic.video,available,4.98,49.48,medium,low,6,namecheap,,,17/08/2026 17:19
23b1ea35-d212-4666-b7a4-038bc74e1b24,katy.video,available,14.99,36.49,high,low,4,namesilo,,,01/10/2026 22:40
5ce052d9-b8cb-4d0e-b05e-689efb4c5def,bighorn.video,available,14.99,36.49,high,low,7,namesilo,,,23/09/2026 15:10
70888e7c-370c-417e-a887-d3e5ae995376,viral.video,resell,,,high,medium,5,1API GmbH,18/01/2016 19:19,18/01/2027 19:19,26/09/2026 10:00
9bb0e5e7-fe5f-42aa-8e86-cbe0a6bbc4a3,reconciled.video,available,4.98,49.48,high,low,10,namecheap,,,09/09/2026 11:49
9c74a587-50ad-4969-8c55-9f28f7ca5436,arame.video,available,14.99,36.49,medium,low,5,namesilo,,,19/09/2026 23:56
efbba7b9-525d-47ca-8661-902c367f858e,duty.video,available,14.99,36.49,high,low,4,namesilo,,,29/09/2026 17:13
dda131f2-6ed9-47c8-85ae-4187492ea4a9,chthonic.video,available,4.98,49.48,medium,low,8,namecheap,,,12/08/2026 07:28
b9661cc8-e16b-4d61-9013-b3b394fa87cf,agrippina.video,available,4.98,49.48,medium,low,9,namecheap,,,17/09/2026 19:33
3793f3f9-57ad-44dd-a004-ed403be1c5d6,ist.video,premium,34.36,68.51,high,low,3,spaceship,,,01/10/2026 22:27
eec06025-b829-4698-ba0f-e1e40f2d004b,mair.video,available,14.99,36.49,medium,low,4,namesilo,,,01/10/2026 23:00
04bc44c9-415e-4229-a04c-6d99d820ad1a,diverted.video,available,4.98,49.48,medium,low,8,namecheap,,,
77d8c184-13e4-48fd-9caa-c78cbf2b5c0a,dss.video,premium,34.36,68.51,high,medium,3,spaceship,,,30/09/2026 13:05
ffdd2809-a5c9-469f-aade-252daf506d4b,putin.video,available,14.99,36.49,medium,low,5,namesilo,,,28/09/2026 02:59
87cabae3-3c26-425b-957e-17122e01806d,voronezh.video,available,8.24,30.18,medium,low,8,dynadot,,,30/09/2026 21:25
86ee8567-7427-4d58-b563-c768a078d9b2,consummate.video,available,4.98,49.48,high,low,10,namecheap,,,23/09/2026 21:29
7216f7a6-f4ff-4c60-9bb7-19fc11fa3110,corrections.video,available,14.99,52.99,high,low,11,name.com,,,17/09/2026 22:27
7127cc40-b7d7-41aa-9533-2b099af5638e,onomastic.video,available,4.98,49.48,medium,low,9,namecheap,,,04/09/2026 15:15
79cd2430-e40c-4232-9b53-3493eda9c879,blowzy.video,available,4.98,49.48,low,low,6,namecheap,,,10/08/2026 15:41
a90ce62a-9937-47b0-b977-3058d57b75a8,diazo.video,available,4.98,49.48,medium,low,5,namecheap,,,14/08/2026 06:23
4a21140c-682a-4af7-88c7-0926717bc0c0,callahan.video,available,14.99,36.49,medium,low,8,namesilo,,,28/09/2026 08:05
74513e58-1beb-4038-8797-9f55bcb8f73c,aeration.video,available,14.99,36.49,medium,low,8,namesilo,,,17/09/2026 12:46
48e1121c-eecd-4547-a32d-6ee04999d5a7,reo.video,premium,51.43,102.67,medium,low,3,spaceship,,,30/09/2026 19:33
ae60c0b0-469d-4bab-9875-a1ad95a91504,crowd.video,premium,60.5,84,high,low,5,unstoppable,,,29/09/2026 12:13
ff9ea887-9b58-4bcb-90f6-9da4bf9e89f1,foiled.video,available,4.98,49.48,medium,low,6,namecheap,,,14/08/2026 09:27
ac208640-15f2-4765-b421-1c69e0c842ca,charlton.video,available,4.34,29.18,medium,low,8,spaceship,,,27/09/2026 19:17
a2cc79e7-f43a-4715-a0f0-ca7f7dc859eb,nonetheless.video,available,14.99,36.49,medium,low,11,namesilo,,,29/09/2026 10:11
975650d7-c383-4f5c-b2ea-97025da458e2,buckshee.video,available,4.98,49.48,medium,low,8,namecheap,,,11/08/2026 07:33
ffa8bbc4-d70e-4aec-b6dc-c950e9a29c11,asher.video,available,4.34,29.18,high,low,5,spaceship,,,30/09/2026 04:20
8658ea47-dc14-45ce-a4a9-096cec4fa960,pyramid.video,resell,,,high,low,7,"Spaceship, Inc.",09/05/2026 17:28,09/05/2027 17:28,26/09/2026 08:26
8894c318-d1f3-491d-beff-3fbff0e0ee9e,intestate.video,available,4.98,49.48,medium,low,9,namecheap,,,22/08/2026 08:24
764066cf-b283-459d-ba23-153308b5f966,haig.video,available,4.34,29.18,medium,low,4,spaceship,,,28/09/2026 12:12
4b829cf1-df2a-46e0-b776-a049fe9ce77a,meg.video,premium,42.9,85.8,high,low,3,namecheap,,,24/08/2026 23:20
c0d1bef9-9e6c-4100-a8eb-757371f51f53,strung.video,available,4.98,49.48,medium,low,6,namecheap,,,10/09/2026 22:54
1ff623e6-a1ad-46f5-95c2-68a186bac992,dwarf.video,available,4.98,49.48,medium,low,5,namecheap,,,24/08/2026 22:31
20e101b5-e8ef-4d7d-9c44-c90fe7d8d97f,relation.video,available,14.99,36.49,high,low,8,namesilo,,,27/09/2026 11:47
91962c8d-6f91-420c-9399-815a1f9e5be7,sending.video,available,14.99,36.49,high,low,7,namesilo,,,25/09/2026 10:37
49e3a8cc-4850-4413-885d-790fb3f1df21,unread.video,available,4.98,49.48,medium,low,6,namecheap,,,12/09/2026 17:51
eb47a577-d336-4ea7-9f04-123e4b3639bb,straight.video,premium,64.35,128.7,high,low,8,namecheap,,,14/08/2026 08:46
0c4a82d2-0ac5-4079-a133-de1e589bd93d,stocky.video,available,4.98,49.48,medium,low,6,namecheap,,,21/08/2026 05:33
4b7129df-2f07-49bd-abd6-0505263e34c8,totally.video,premium,118.8,118.8,high,low,7,namesilo,,,22/09/2026 00:22
b0cb3dda-d8d4-4773-bac3-a003bb1ef190,goldman.video,available,4.98,49.48,high,low,7,namecheap,,,25/09/2026 05:32
c7920fb4-8ebb-41fd-ab5f-8734e04699cf,tailless.video,available,4.98,49.48,medium,low,8,namecheap,,,05/08/2026 21:33
0382f984-98f8-423e-8b08-0c006e842691,bureaucratic.video,available,4.34,29.18,medium,low,12,spaceship,,,30/09/2026 19:59
4a4b818e-2f94-449a-ac74-c933c42be83c,cohort.video,available,14.99,36.49,high,low,6,namesilo,,,17/09/2026 16:45
259f3713-c22d-4221-8c86-74581ea03399,brummell.video,available,14.99,36.49,medium,low,8,namesilo,,,22/09/2026 22:01
dde34ccd-b309-4a4e-af97-3c833671397e,stricken.video,available,4.98,49.48,high,low,8,namecheap,,,
ac4aed66-b8b1-4282-96f8-075d89da6128,toothed.video,available,4.98,49.48,medium,low,7,namecheap,,,17/08/2026 12:41
965d509d-b55a-45a6-ab5f-49746b64ecae,dominoes.video,available,4.98,49.48,high,low,8,namecheap,,,24/09/2026 23:28
35ceb713-ddbe-4162-90ae-4a495bfc5d87,camail.video,available,14.99,36.49,medium,low,6,namesilo,,,21/09/2026 09:01
d9f91299-7545-4dac-9d1c-8c7da24e7fbb,bunchy.video,available,4.98,49.48,medium,low,6,namecheap,,,11/08/2026 09:55
8689ee21-937e-49dd-a345-1cd7b646146c,removing.video,available,4.98,49.48,high,low,8,namecheap,,,28/09/2026 07:21
6f0b7178-ced5-40da-b476-b6b8196e6f66,stalks.video,available,4.34,29.18,low,low,6,spaceship,,,01/10/2026 15:27
bb010ddc-81cf-40f9-a913-40cb9deabdfe,comfortable.video,available,14.99,36.49,high,low,11,namesilo,,,26/09/2026 00:46
b81100fa-0296-4096-a4ec-93fe670b4fb5,phantasy.video,available,4.98,49.48,high,low,8,namecheap,,,17/08/2026 21:58
bf588482-94ed-4754-b77e-a93d0f85a814,wideband.video,available,4.98,49.48,high,low,8,namecheap,,,13/09/2026 11:50
98c5a78a-83e9-489b-83b5-4c2e01a0cdc5,witte.video,available,28.2,28.2,medium,low,5,cloudflare,,,30/09/2026 12:35
ba8ab96a-21ec-42e3-a193-680b95630b5e,abortions.video,available,4.34,29.18,low,low,9,spaceship,,,02/10/2026 03:54
b296bef4-3ba9-4ca9-a2d5-988331d3f16b,katharsis.video,available,14.99,36.49,medium,low,9,namesilo,,,16/09/2026 17:05
5afb1be8-1cd9-40db-a28a-d7ef2d08d391,geniality.video,available,14.99,36.49,high,low,9,namesilo,,,17/09/2026 14:00
7e4037bf-64e2-4ccc-a62a-11269c39d393,antlered.video,available,4.98,49.48,medium,low,8,namecheap,,,05/08/2026 20:11
3a362f64-b098-415e-a986-f3da76962e79,claiming.video,available,28.2,28.2,high,low,8,cloudflare,,,28/09/2026 11:29
ff8fb43c-063e-4692-ac25-d7ee16f875c0,fleshy.video,available,4.98,49.48,medium,low,6,namecheap,,,18/08/2026 08:02
d47c6894-cd90-4b0c-9c1f-5e9576681291,henriette.video,available,28.2,28.2,medium,low,9,cloudflare,,,30/09/2026 04:48
69eeb62d-7b48-4672-9db8-b7375e15c13c,thatcher.video,available,14.99,36.49,medium,low,8,namesilo,,,22/09/2026 07:26
4a724f5d-dd33-43c5-8a7d-9df943c9888c,ration.video,available,14.99,36.49,high,low,6,namesilo,,,30/09/2026 02:40
56735418-711a-4964-8c55-823e73222197,absorbing.video,available,14.99,36.49,high,low,9,namesilo,,,21/09/2026 15:02
97c04360-1e9d-4295-892d-915f6827977e,holotype.video,available,14.99,36.49,high,low,8,namesilo,,,25/09/2026 23:08
f6fb6d95-996c-4712-900d-f69db1404bf1,happen.video,available,14.99,36.49,high,low,6,namesilo,,,25/09/2026 06:00
ad0c4c81-7265-4b5b-89a5-00297ec5f94c,wait.video,available,4.98,49.48,high,low,4,namecheap,,,13/09/2026 07:44
58860d9f-10d7-484b-8968-21c7838337c6,mangy.video,available,4.98,49.48,medium,low,5,namecheap,,,24/08/2026 14:50
61ee36df-a8de-4d21-807d-12ca91e23fb3,pio.video,premium,64.35,128.7,high,low,3,namecheap,,,30/09/2026 13:33
d598b292-4bd3-433a-a2b4-54306e40401a,westport.video,available,14.99,36.49,medium,low,8,namesilo,,,28/09/2026 08:11
7be637c0-8983-449a-9186-5b1527fee667,talent.video,premium,700,1400,high,medium,6,namecheap,,,29/09/2026 18:11
7870ba5e-2d71-49a8-85ab-6c47a89fafcb,wingstem.video,available,14.99,36.49,medium,low,8,namesilo,,,17/09/2026 04:57
2bf0f558-1674-4309-9c99-c51fae9a3c3a,apodemus.video,available,4.98,49.48,medium,low,8,namecheap,,,19/09/2026 18:19
49143caa-fff4-40e3-bcbd-bbabde941075,barrie.video,premium,64.35,128.7,medium,low,6,namecheap,,,22/09/2026 08:37
108178f8-43af-48f9-a5c9-58f50c8c4d2f,amended.video,available,4.98,49.48,medium,low,7,namecheap,,,
572bb24d-cc1c-419e-8b53-c1cd4924b72d,sold.video,available,4.98,49.48,high,low,4,namecheap,,,27/09/2026 23:38
3004ed56-a1ca-4680-b881-f9a61f832344,bites.video,premium,109.53,218.86,medium,low,5,porkbun,,,28/09/2026 13:24
182489fd-59b2-4e21-8ee9-d1038d128a68,unseeded.video,available,4.98,49.48,medium,low,8,namecheap,,,12/09/2026 19:10
67328fa6-922f-4bc3-b395-89b3f4ec3cc9,killer.video,premium,130,260,high,low,6,namecheap,,,24/09/2026 13:14
e04fd731-d73f-49a0-b4d0-65a7c3d7f8ec,emperors.video,available,14.99,36.49,medium,low,8,namesilo,,,02/10/2026 03:23
34b1a0cf-ca8f-4d8b-8119-0270d8dbb7ca,bighead.video,available,14.99,36.49,medium,low,7,namesilo,,,23/09/2026 15:09
bb4c791f-0e45-4ec2-87a4-01378e809461,facile.video,available,4.98,49.48,medium,low,6,namecheap,,,16/08/2026 06:16
851aca60-f650-4358-9e1a-f55f801dd491,travelable.video,available,4.98,49.48,medium,low,10,namecheap,,,11/09/2026 19:05
f44cd27a-6f9e-4a3e-8ed5-0e57603b3aa1,gpa.video,premium,78.54,78.54,high,low,3,namesilo,,,28/09/2026 05:52
8534f8f5-c6c8-4b18-9fb3-1a2557023291,bellyache.video,available,14.99,36.49,medium,low,9,namesilo,,,23/09/2026 00:26
c02d1ed2-ae45-4be0-9c1a-4153bc1b6e25,partizan.video,available,4.98,49.48,high,low,8,namecheap,,,08/09/2026 02:09
05f23587-a22f-430c-8def-668dfa85aec7,recognizes.video,available,13.5,,medium,low,10,unstoppable,,,29/09/2026 11:34
7bdb4c77-3bbb-4c4b-85a7-c1194851425a,merry.video,available,4.98,49.48,high,low,5,namecheap,,,11/08/2026 04:28
16ddc1ac-b132-4f2f-97a3-bb66aa38b289,rinehart.video,available,4.34,29.18,medium,low,8,spaceship,,,29/09/2026 22:34
8f149b6f-9fac-4e10-b68b-2e4eee4cf630,altissimo.video,available,4.98,49.48,medium,low,9,namecheap,,,
85ba1207-0f1f-4071-a9f5-56d0861dd3e2,ferdinand.video,available,14.99,36.49,high,low,9,namesilo,,,25/09/2026 05:57
b01270df-5c64-4a29-8ca1-dcc0f54aa6ed,alcidae.video,available,14.99,36.49,medium,low,7,namesilo,,,18/09/2026 04:02
2eaf3bb8-6edc-4bd2-9430-16628cbf7e98,sioux.video,available,4.98,49.48,high,low,5,namecheap,,,10/09/2026 08:46
4dbf286d-e779-4cb7-8b60-03b9dd4ac08d,suppression.video,available,4.34,29.18,medium,low,11,spaceship,,,30/09/2026 14:12
9ba4c002-80e8-4b47-bfcd-6f5b26d6359c,dyed.video,available,4.98,49.48,high,low,4,namecheap,,,14/08/2026 21:54
3e402590-66e7-45e9-9c13-62beeed5cd20,scramble.video,available,14.99,36.49,high,low,8,namesilo,,,24/09/2026 15:13
9b8c9ddc-387b-4b35-86e3-ab5f6245b529,frictional.video,available,4.98,49.48,medium,low,10,namecheap,,,18/08/2026 15:28
0070effa-8c81-4ba3-ac73-3a47e4fa15f3,cowen.video,available,4.34,29.18,medium,low,5,spaceship,,,30/09/2026 20:26
c226cc7d-19b3-41ce-84da-bf3bb8a55206,artless.video,available,4.98,49.48,medium,low,7,namecheap,,,06/08/2026 23:47
bfd566a3-6473-445b-b64d-0f8b0ba14c7a,rewarded.video,available,28.2,28.2,medium,low,8,cloudflare,,,28/09/2026 23:21
b8903666-1b4b-4292-ac46-d072b8d0a110,delayed.video,available,4.98,49.48,medium,low,7,namecheap,,,24/09/2026 05:13
3ba46870-4075-42d2-92e6-34ae205bd098,cleanser.video,available,14.99,36.49,high,low,8,namesilo,,,24/09/2026 15:26
b898ec88-98b1-41cb-b935-9466934c5266,flute.video,available,14.99,36.49,high,low,5,namesilo,,,28/09/2026 13:41
71edc9e9-a2b4-40b9-ae9a-5ae85bc7f734,moor.video,available,4.34,29.18,high,low,4,spaceship,,,01/10/2026 03:02
c887c198-c29b-4a25-984a-740028f30586,antipode.video,available,14.99,36.49,medium,low,8,namesilo,,,19/09/2026 14:58
f5b9b854-1bf8-49aa-bc8c-6948ce203c5b,panipat.video,available,14.99,36.49,medium,low,7,namesilo,,,22/09/2026 15:36
8abcbd62-7e41-4a54-9dcb-843b1fe35f2b,demonstrations.video,available,14.99,,medium,low,14,name.com,,,
433e4e79-ebf2-4db4-9b25-4f696c24f59a,yum.video,premium,46.2,92.4,high,low,3,namecheap,,,01/10/2026 01:03
530d5980-0df4-4630-9b15-3a459eb03647,acrilan.video,available,14.99,36.49,medium,low,7,namesilo,,,17/09/2026 03:06
b4101746-37a6-4935-8cfd-ff091d4030bb,faded.video,available,14.99,36.49,high,low,5,namesilo,,,22/09/2026 11:25
84fefa00-eae7-41b0-91e5-b578695dea34,stains.video,available,28.2,28.2,medium,low,6,cloudflare,,,29/09/2026 22:47
338dd456-b8d1-49ea-ae1f-9d9ba052040c,annapolis.video,available,4.98,49.48,medium,low,9,namecheap,,,19/09/2026 10:10
8d51995c-4334-47e0-8897-d59561fb278d,ils.video,premium,66.5,,medium,low,3,unstoppable,,,30/09/2026 00:10
b3145360-dde1-4403-9e7d-31fee6ee171f,floodwaters.video,available,14.99,36.49,medium,low,11,namesilo,,,21/09/2026 03:37
88a5128c-fd16-4d87-a577-32bdbe1a3cc9,policemen.video,available,13.5,,medium,low,9,unstoppable,,,28/09/2026 18:03
44fff7d2-448c-40c8-9017-149a2e16716d,vivaldi.video,available,14.99,36.49,medium,low,7,namesilo,,,19/09/2026 15:40
a7bc5cd3-100a-418e-bde6-5a49cc221d38,glad.video,available,4.98,49.48,high,low,4,namecheap,,,22/09/2026 18:28
1b4e8a95-d0a4-414f-84bc-0141abf570f0,unsolved.video,available,4.98,49.48,medium,low,8,namecheap,,,12/09/2026 18:23
34f92840-54d8-494a-9eb8-865e020b9c11,suspense.video,premium,242,242,high,low,8,namesilo,,,30/09/2026 12:39
4f8d8045-8c9b-46ff-9d37-3f761bb4ed25,unimodal.video,available,4.98,49.48,medium,low,8,namecheap,,,12/09/2026 13:07
e0d63635-f3b5-449d-bb1b-ac9fc94d2286,bathtub.video,available,14.99,36.49,high,low,7,namesilo,,,22/09/2026 13:40
88b89c55-341b-4a12-99d5-9740e362c608,crazily.video,available,4.98,49.48,medium,low,7,namecheap,,,14/09/2026 09:15
bef50c29-2e90-464f-8031-cec3e7e33b90,boulogne.video,available,13.5,,medium,low,8,unstoppable,,,29/09/2026 09:58
bc227487-aaf8-4198-9221-0b779814e7a8,durations.video,available,13.5,,low,low,9,unstoppable,,,30/09/2026 07:29
d990e208-93a4-403c-a123-ca6ab42b295e,drubbing.video,available,4.98,49.48,medium,low,8,namecheap,,,13/09/2026 07:58
f130e411-1d97-4c9c-ba7e-ba6b81cbf3ce,xenophon.video,available,8.24,30.18,medium,low,8,dynadot,,,30/09/2026 03:10
b799c960-11c1-4639-938a-295ff44a6d82,maude.video,available,4.98,49.48,medium,low,5,namecheap,,,28/09/2026 12:05
9b4db315-cad0-46db-b7a5-d63bd477064a,jolted.video,available,4.98,49.48,medium,low,6,namecheap,,,22/08/2026 13:55
b3bacec8-7d4a-443a-bda1-7479d903f46f,wires.video,available,13.5,,medium,low,5,unstoppable,,,28/09/2026 04:36
1d92c8a4-47e8-4600-8495-579746492c57,effectiveness.video,available,4.34,29.18,medium,low,13,spaceship,,,30/09/2026 05:52
458b117f-3790-487c-82ee-ea3e2a5eee93,police.video,premium,1293.95,2587.7,high,low,6,spaceship,,,29/09/2026 11:14
88d4cea9-c46c-403f-9930-ed525c224f7c,rocambole.video,available,14.99,36.49,medium,low,9,namesilo,,,18/09/2026 11:33
d6c05d6a-5fac-4519-be40-82f05598d73f,cuban.video,available,4.98,49.48,high,low,5,namecheap,,,13/08/2026 09:47
30797c3c-9e29-40d1-bea2-ef306f20591c,staccato.video,available,4.98,49.48,high,low,8,namecheap,,,14/08/2026 09:57
9f7b7b11-5e39-4158-a90a-58579414d84d,measures.video,available,4.34,29.18,medium,low,8,spaceship,,,28/09/2026 08:34
69d4703b-f158-458f-b581-dfbdf3bee76c,tel.video,premium,36.32,72.57,high,low,3,porkbun,,,01/10/2026 11:20
b6ec934c-8d00-4b7c-b930-640f3a253a09,renewable.video,available,4.98,49.48,high,low,9,namecheap,,,09/09/2026 14:03
6830c409-6f2d-46b4-b474-fd16ced4c3d4,eeg.video,premium,64.35,128.7,high,low,3,namecheap,,,28/09/2026 19:03
1c4a23bf-a86d-44d8-b348-b1349d7b7cbc,whalebone.video,available,14.99,36.49,medium,low,9,namesilo,,,21/09/2026 21:50
f6c1b710-2cd0-40de-8b15-4490787e8248,alonso.video,available,14.99,36.49,high,low,6,namesilo,,,18/09/2026 07:29
bd5f4fd2-7f6d-4120-aab1-8dc43b2e8449,expense.video,available,4.98,49.48,high,low,7,namecheap,,,24/09/2026 22:30
5e3d89a1-3f9e-4ba3-85e5-0fecb1d90684,convexly.video,available,4.98,49.48,medium,low,8,namecheap,,,14/09/2026 08:39
3a50e593-53bf-4434-a936-35c932447b68,impose.video,available,14.99,36.49,medium,low,6,namesilo,,,28/09/2026 10:13
a608ead8-bac6-455c-aa52-46abf18faf63,modeled.video,available,4.98,49.48,medium,low,7,namecheap,,,25/08/2026 02:51
71554c40-9107-4562-967e-17863ea07f6c,intensity.video,available,14.99,36.49,high,low,9,namesilo,,,28/09/2026 09:23
7f7f4bc8-7394-48f9-a5e7-53d4f982bd23,viktor.video,available,14.99,36.49,medium,low,6,namesilo,,,28/09/2026 07:43
87abb56d-bbe2-425c-a8e8-c440fc3e598b,optionally.video,available,8.24,29.35,medium,low,10,porkbun,,,28/09/2026 16:29
0a1e7ad0-a6a5-4cbe-8aec-cfcf15d60c7c,appearing.video,available,4.98,49.48,high,low,9,namecheap,,,19/09/2026 20:25
951d55b3-43cb-4e83-8ed7-a7b3cc757ef7,wrapper.video,available,28.2,28.2,high,low,7,cloudflare,,,30/09/2026 01:54
03aee789-a94c-4928-8bdf-b4352bb45e44,adapted.video,available,14.99,36.49,high,low,7,namesilo,,,21/09/2026 17:02
ce3628a5-0d66-452e-b212-05e112f9aef0,burrow.video,available,4.34,29.18,high,low,6,spaceship,,,01/10/2026 01:13
d93c22e6-eea0-4d42-a357-b7ecc0b48853,aac.video,premium,34.36,68.51,high,low,3,spaceship,,,29/09/2026 15:15
b44713ae-4aa0-44f6-b061-3b001c44fc6e,peiping.video,available,4.98,49.48,medium,low,7,namecheap,,,23/09/2026 04:16
798e194b-725a-45e5-9624-246c40091751,ape.video,premium,64.35,128.7,high,low,3,namecheap,,,
0ea578ea-e9d5-4db1-af1b-37593bd67ff9,charlie.video,premium,130,260,high,medium,7,namecheap,,,25/09/2026 18:14
4b9045e1-251c-470e-86eb-7080080669f3,uniat.video,available,4.98,49.48,medium,low,5,namecheap,,,12/09/2026 12:44
9f28d1fb-d7e2-4a73-a50e-b4763e356876,grandkids.video,available,4.98,49.48,medium,low,9,namecheap,,,19/09/2026 23:28
2193380e-83c8-45a6-908b-0b4137f152b6,alarm.video,premium,390,780,high,low,5,namecheap,,,
d0498c6c-a382-4ac3-8725-d46a2f09dcbe,hopeless.video,available,4.98,49.48,medium,low,8,namecheap,,,21/08/2026 13:54
59bb31b9-630b-4f88-b874-4d0fede5a51e,stimulus.video,available,4.98,49.48,high,low,8,namecheap,,,10/09/2026 20:39
1ee3e3c9-a7d8-4d3d-a90a-3016f73142a5,ibnsina.video,available,4.98,49.48,medium,low,8,namecheap,,,16/09/2026 18:41
ea8ed4e8-5d29-458f-8bd5-ac69800d2a11,trafficking.video,available,13.5,,medium,low,11,unstoppable,,,30/09/2026 12:20
94b6b3ab-3938-4d2c-a625-fa651a951ffe,ballooning.video,available,14.99,36.49,high,low,10,namesilo,,,21/09/2026 23:14
33ad4ec9-6a2c-45e9-a922-aa75c397e214,reptile.video,available,4.98,49.48,high,low,7,namecheap,,,09/09/2026 14:41
0ae51b2e-c58f-426f-a09f-465dd2270ae3,billow.video,available,14.99,36.49,medium,low,6,namesilo,,,23/09/2026 16:34
1085796a-72b6-4ca4-a3c3-a1b6b0cc5896,submerged.video,available,4.98,49.48,medium,low,9,namecheap,,,10/09/2026 23:30
a31312bb-50b0-4545-8847-9aa65e2d66d8,arrowhead.video,available,14.99,36.49,high,low,9,namesilo,,,20/09/2026 09:30
2e162606-01f0-4f22-9cee-77a3fcced823,acidotic.video,available,4.98,49.48,medium,low,8,namecheap,,,
00e66a55-c85b-4e78-a6ea-95e90f5713a1,messianic.video,available,4.98,49.48,medium,low,9,namecheap,,,24/08/2026 21:22
28f7be0d-e2f5-43b5-84ba-5f3d6991a784,inspiration.video,resell,,,high,low,11,"Spaceship, Inc.",25/01/2026 02:11,25/01/2027 02:11,26/09/2026 06:53
51034d63-da90-477d-b4ab-dc27525a9cb6,commissioner.video,available,4.34,29.18,high,low,12,spaceship,,,27/09/2026 17:50
74dcf500-9238-4232-a61a-6f2ea6763e3e,stranded.video,available,14.99,36.49,medium,low,8,namesilo,,,25/09/2026 17:00
fd9eedbc-cbb9-4ba0-8266-d0f889560b71,darkened.video,available,14.99,52.99,medium,low,8,name.com,,,13/08/2026 18:08
a7885100-c3de-449f-b28b-d81aa1a4ec31,services.video,premium,200.5,260,high,low,8,unstoppable,,,30/09/2026 10:59
daf380ee-a46a-49f1-b591-fab6addc213c,frying.video,available,14.99,36.49,high,low,6,namesilo,,,30/09/2026 09:52
ef27215d-22ab-4759-a539-1524e13656cc,populated.video,available,4.98,49.48,high,low,9,namecheap,,,08/09/2026 23:55
15c02e41-f16e-4941-bb69-c73d1472c484,warming.video,available,4.98,49.48,high,low,7,namecheap,,,11/08/2026 14:09
04ddabd8-ca5c-4101-9a8c-29a5ba71e287,peptic.video,available,4.98,49.48,medium,low,6,namecheap,,,08/09/2026 15:53
9508b947-40be-4c47-904b-d1550c6d5bf2,caliginous.video,available,4.98,49.48,low,low,10,namecheap,,,11/08/2026 14:25
11a99655-51fa-4ffb-aa58-0ed27c4c5b4f,steak.video,available,4.34,29.18,high,low,5,spaceship,,,30/09/2026 11:53
facbecda-2360-49b4-bf18-97e08743adb2,feminists.video,available,28.2,28.2,medium,low,9,cloudflare,,,02/10/2026 03:19
a88b680c-65a2-40fc-9077-367470660928,maury.video,available,14.99,36.49,medium,low,5,namesilo,,,29/09/2026 03:39
f4c65588-5c83-450f-b2cc-f20297a7fd2a,formalise.video,available,4.34,29.18,high,low,9,spaceship,,,30/09/2026 19:59
b0900cdf-be58-4ddd-bc0b-53317f768b7d,plantar.video,available,4.98,49.48,medium,low,7,namecheap,,,08/09/2026 20:50
b0b9cf9a-f14e-45d4-a83e-23fb0b1fb96b,indium.video,available,4.98,49.48,medium,low,6,namecheap,,,20/09/2026 23:11
df58a3f7-89ab-4c19-a86c-2f7e8798f2ae,intercepted.video,available,13.5,,medium,low,11,unstoppable,,,28/09/2026 23:49
b2cf7c2e-546e-4a05-ba82-235a299920e8,cynthia.video,available,14.99,36.49,high,low,7,namesilo,,,20/09/2026 10:13
c14207a3-36e0-44b2-a46d-3a6dd333cf8a,unflavored.video,available,4.98,49.48,medium,low,10,namecheap,,,03/09/2026 19:15
e7f3b6a7-83a2-4282-a379-e833f6afb5eb,cxxx.video,available,,,high,low,4,,,,
7666688f-e5c2-4603-8684-b7a6a8e0d73c,ppp.video,premium,51.43,102.67,high,low,3,spaceship,,,28/09/2026 06:33
85b2e3f5-4bd3-4d3d-b6eb-d811e3094a0a,devise.video,available,14.99,36.49,high,low,6,namesilo,,,29/09/2026 14:42
37f4b20a-c6e0-448b-9cc8-722b6ffed5ca,hitting.video,available,14.99,36.49,high,low,7,namesilo,,,25/09/2026 07:22
7364f8c5-c49d-4aaa-b736-9705f97ab267,illogical.video,available,4.98,49.48,medium,low,9,namecheap,,,14/08/2026 11:22
73b90b48-cf75-4671-accb-4a3fcfcfaf9a,arctan.video,available,14.99,36.49,medium,low,6,namesilo,,,20/09/2026 01:31
5a7847b2-654d-43fe-8e76-56875ccf631d,chemist.video,available,14.99,36.49,high,low,7,namesilo,,,19/09/2026 19:39
da8618bf-447e-4b76-9ca3-1912a78c33b8,grenville.video,available,28.2,28.2,medium,low,9,cloudflare,,,29/09/2026 04:31
006faf70-2333-42f9-aa3b-f52e51364952,ambushed.video,available,4.98,49.48,medium,low,8,namecheap,,,30/09/2026 20:14
be4dc11f-423f-4994-9d35-769c6c4a5376,eyes.video,available,8.24,30.18,high,low,4,dynadot,,,29/09/2026 18:46
ca03e018-95e6-42ef-8438-4b466e1a8629,assail.video,available,4.98,49.48,medium,low,6,namecheap,,,20/09/2026 15:49
3740a2ae-cfae-4e19-84eb-9e9913b737fd,rejoice.video,available,28.2,28.2,high,low,7,cloudflare,,,30/09/2026 17:44
011bc577-bdf9-4c93-a8a9-a18163d8419f,badmouth.video,available,4.98,49.48,medium,low,8,namecheap,,,24/08/2026 14:04
2547e855-fe15-411d-8619-eb346fed6b22,liberated.video,available,4.98,49.48,high,low,9,namecheap,,,16/08/2026 06:20
2482a31e-e05b-4d6b-85c5-05a19364c404,turret.video,available,4.34,29.18,high,low,6,spaceship,,,01/10/2026 19:53
0cb2c9bd-3da9-40c7-a892-70d3aebfe75b,asteroidea.video,available,14.99,36.49,medium,low,10,namesilo,,,20/09/2026 17:14
5f49301b-65f5-4331-b02b-6a398bf6fa09,akka.video,available,14.99,36.49,high,low,4,namesilo,,,16/09/2026 22:23
4dd7a7a1-8b8d-4fea-8b99-b69ad773c058,cheat.video,premium,130,260,high,low,5,namecheap,,,12/08/2026 03:31
74926a9f-ae87-409e-b8ad-544e24da7c71,wobbling.video,available,4.98,49.48,medium,low,8,namecheap,,,13/09/2026 12:52
6a209218-d8bb-4914-8932-ce758d81600f,chopin.video,available,4.34,29.18,high,low,6,spaceship,,,02/10/2026 04:21
75b561b4-b220-4ad0-bee4-1c372f49eb0f,mammals.video,available,14.99,36.49,medium,low,7,namesilo,,,30/09/2026 06:09
97e535d7-d65a-4cf4-b99b-d450ab2cf2b4,orderly.video,available,4.98,49.48,high,low,7,namecheap,,,03/09/2026 14:34
a18f0fa2-81db-4a54-a114-60fd3ba25340,kpa.video,premium,51.43,102.67,medium,low,3,spaceship,,,28/09/2026 16:13
ecdd88f1-db6e-4a34-b75f-ce5b7813aad6,killingly.video,available,4.98,49.48,low,low,9,namecheap,,,15/09/2026 10:22
6fa05683-673e-4f20-80db-457ef2493957,anhidrosis.video,available,4.98,49.48,medium,low,10,namecheap,,,19/09/2026 07:47
53923569-9133-413b-8469-cc2dee501a23,upstair.video,available,4.98,49.48,medium,low,7,namecheap,,,12/09/2026 23:20